datetime,state_code,county_code,site,CO,NO2,O3,PM2.5,SO2,physical_invalid_flag_CO,physical_invalid_flag_NO2,physical_invalid_flag_O3,physical_invalid_flag_PM2.5,physical_invalid_flag_SO2,tp,u10,v10,d2m,t2m,sp,blh,temp_c,dewpoint_c,surface_pressure_hpa,precip_mm,wind_speed,relative_humidity,PM2.5_original,PM2.5_clean,PM2.5_imputed,PM2.5_imputation_method
2023-11-15 15:00:00,48.0,29.0,1087.0,,,,6.5,,False,False,False,False,False,0.0,-1.3678436,-1.219284,286.11597,296.6067,98860.875,1096.4917,23.456696,12.965973,988.60876,0.0,1.8323891,51.75373,6.5,6.5,6.5,observed
2023-11-15 16:00:00,48.0,29.0,1087.0,,,,5.7,,False,False,False,False,False,0.0,-1.3845215,-0.61712646,285.61865,295.4812,98815.25,1107.0669,22.331207,12.468658,988.1525,0.0,1.5158314,53.629566,5.7,5.7,5.7,observed
2023-11-15 17:00:00,48.0,29.0,1087.0,,,,5.1,,False,False,False,False,False,0.0,-1.3789062,-0.026351929,287.04004,294.7334,98830.81,148.97176,21.583405,13.890045,988.3081,0.0,1.379158,61.587727,5.1,5.1,5.1,observed
2023-11-15 18:00:00,48.0,29.0,1087.0,,,,5.6,,False,False,False,False,False,0.0,-2.2743683,0.071777344,286.7771,292.29907,98838.81,71.33771,19.149078,13.627106,988.3881,0.0,2.2755005,70.36369,5.6,5.6,5.6,observed
2023-11-15 19:00:00,48.0,29.0,1087.0,,,,5.6,,False,False,False,False,False,0.0,-2.2927704,-0.22337341,286.78638,290.92456,98888.25,62.075485,17.774567,13.636383,988.8825,0.0,2.3036258,76.73684,5.6,5.6,5.6,observed
2023-11-15 20:00:00,48.0,29.0,1087.0,,,,6.7,,False,False,False,False,False,0.0,-2.1338959,-0.69155884,286.04077,288.9087,98939.31,61.862732,15.7586975,12.890778,989.3931,0.0,2.2431598,83.07083,6.7,6.7,6.7,observed
2023-11-15 21:00:00,48.0,29.0,1087.0,,,,8.0,,False,False,False,False,False,0.0,-1.7214203,-0.9893799,285.69458,287.83887,98958.81,57.918915,14.688873,12.544586,989.58813,0.0,1.9854875,86.984406,8.0,8.0,8.0,observed
2023-11-15 22:00:00,48.0,29.0,1087.0,,,,8.4,,False,False,False,False,False,0.0,-1.5592804,-1.0957947,285.41528,287.49878,98956.875,53.772217,14.348785,12.265289,989.5687,0.0,1.9058125,87.30036,8.4,8.4,8.4,observed
2023-11-15 23:00:00,48.0,29.0,1087.0,,,,8.4,,False,False,False,False,False,0.0,-1.4886322,-1.2966309,284.63257,286.19263,98948.125,52.90326,13.042633,11.482574,989.48126,0.0,1.9741523,90.25531,8.4,8.4,8.4,observed
2023-11-16 00:00:00,48.0,29.0,1087.0,,,,8.9,,False,False,False,False,False,0.0,-0.17739868,-1.5023804,283.99414,285.43848,99016.375,38.319153,12.288483,10.844147,990.16376,0.0,1.5128176,90.89708,8.9,8.9,8.9,observed
2023-11-16 01:00:00,48.0,29.0,1087.0,,,,9.3,,False,False,False,False,False,0.0,-0.74668884,-1.5032959,283.92773,285.604,98945.375,42.141815,12.45401,10.7777405,989.45374,0.0,1.678524,89.51844,9.3,9.3,9.3,observed
2023-11-16 02:00:00,48.0,29.0,1087.0,,,,10.1,,False,False,False,False,False,0.0,-1.3713989,-1.2421875,283.07666,284.81177,98869.25,59.488007,11.661774,9.926666,988.6925,0.0,1.8503418,89.10494,10.1,10.1,10.1,observed
2023-11-16 03:00:00,48.0,29.0,1087.0,,,,10.2,,False,False,False,False,False,0.0,-0.7510834,-1.4512177,282.73486,284.24683,98886.875,49.62607,11.096832,9.584869,988.8688,0.0,1.634062,90.40417,10.2,10.2,10.2,observed
2023-11-16 04:00:00,48.0,29.0,1087.0,,,,10.0,,False,False,False,False,False,0.0,-0.6234741,-1.8162537,283.0957,284.63843,98862.875,67.57773,11.488434,9.945709,988.6287,0.0,1.9202857,90.24632,10.0,10.0,10.0,observed
2023-11-16 05:00:00,48.0,29.0,1087.0,,,,10.6,,False,False,False,False,False,0.0,-0.85391235,-1.7298584,283.31152,284.72192,98868.25,76.89586,11.57193,10.16153,988.6825,0.0,1.9291388,91.05432,10.6,10.6,10.6,observed
2023-11-16 06:00:00,48.0,29.0,1087.0,,,,11.8,,False,False,False,False,False,0.0,-0.31497192,-1.5795288,283.3452,284.75757,98860.31,62.39389,11.607574,10.195221,988.60315,0.0,1.6106268,91.04482,11.8,11.8,11.8,observed
2023-11-16 07:00:00,48.0,29.0,1087.0,,,,12.6,,False,False,False,False,False,0.0,-0.21846008,-1.4557953,283.14453,284.42065,98867.69,50.840515,11.27066,9.994537,988.6769,0.0,1.4720954,91.855965,12.6,12.6,12.6,observed
2023-11-16 08:00:00,48.0,29.0,1087.0,,,,15.1,,False,False,False,False,False,0.0,-1.0652161,-1.6832733,284.0808,285.55396,98881.125,70.757065,12.403961,10.930817,988.8113,0.0,1.9920076,90.731224,15.1,15.1,15.1,observed
2023-11-16 09:00:00,48.0,29.0,1087.0,,,,13.6,,False,False,False,False,False,0.0,-1.2821655,-0.8475952,284.5984,286.6145,98891.5,181.54875,13.464508,11.448395,988.915,0.0,1.5369991,87.60785,13.6,13.6,13.6,observed
2023-11-16 10:00:00,48.0,29.0,1087.0,,,,17.1,,False,False,False,False,False,0.0,-1.3222351,-0.17988586,285.1548,287.6184,98921.06,286.95825,14.468414,12.004791,989.21063,0.0,1.3344154,85.156105,17.1,17.1,17.1,observed
2023-11-16 11:00:00,48.0,29.0,1087.0,,,,17.1,,False,False,False,False,False,0.0,-1.4980927,0.68885803,284.94678,288.5083,98841.06,439.48145,15.358307,11.796783,988.41064,0.0,1.6488805,79.319885,17.1,17.1,17.1,observed
2023-11-16 12:00:00,48.0,29.0,1087.0,,,,19.3,,False,False,False,False,False,0.0,-0.6934967,1.2829895,284.92676,289.2527,98765.19,618.3762,16.102692,11.776764,987.65186,0.0,1.4584237,75.53151,19.3,19.3,19.3,observed
2023-11-16 13:00:00,48.0,29.0,1087.0,,,,16.8,,False,False,False,False,False,0.0,0.2928009,1.1513672,285.13965,289.5725,98674.56,760.364,16.422516,11.989655,986.7456,0.0,1.1880146,75.05396,16.8,16.8,16.8,observed
2023-11-16 14:00:00,48.0,29.0,1087.0,,,,18.3,,False,False,False,False,False,0.0,0.79071045,1.8104401,285.57764,290.43604,98567.125,821.292,17.286041,12.427643,985.67126,0.0,1.97558,73.13016,18.3,18.3,18.3,observed
2023-11-16 15:00:00,48.0,29.0,1087.0,,,,19.8,,False,False,False,False,False,0.0,0.96199036,1.9456635,285.97266,290.93872,98477.06,827.5376,17.788727,12.822662,984.7706,0.0,2.1704912,72.705376,19.8,19.8,19.8,observed
2023-11-16 16:00:00,48.0,29.0,1087.0,,,,18.3,,False,False,False,False,False,0.0,-0.029266357,0.90208435,285.94995,291.31616,98449.06,397.5161,18.166168,12.799957,984.4906,0.0,0.902559,70.89489,18.3,18.3,18.3,observed
2023-11-16 17:00:00,48.0,29.0,1087.0,,,,17.1,,False,False,False,False,False,0.0,-0.40570068,0.8260193,286.4724,290.84253,98444.25,185.09297,17.692535,13.322418,984.4425,0.0,0.9202722,75.573875,17.1,17.1,17.1,observed
2023-11-16 18:00:00,48.0,29.0,1087.0,,,,18.7,,False,False,False,False,False,0.0,-0.9244995,1.3397217,286.1438,289.30835,98453.75,82.61615,16.158356,12.993805,984.5375,0.0,1.6277449,81.52481,18.7,18.7,18.7,observed
2023-11-16 19:00:00,48.0,29.0,1087.0,,,,15.6,,False,False,False,False,False,0.0,-1.4480438,1.4845886,285.8186,288.66943,98457.0,97.287674,15.51944,12.66861,984.57,0.0,2.0738451,83.13516,15.6,15.6,15.6,observed
2023-11-16 20:00:00,48.0,29.0,1087.0,,,,18.6,,False,False,False,False,False,0.0,-1.1534729,1.2353973,285.44946,287.5381,98464.94,106.41464,14.388092,12.299469,984.64935,0.0,1.6901793,87.27459,18.6,18.6,18.6,observed
2023-11-16 21:00:00,48.0,29.0,1087.0,,,,18.6,,False,False,False,False,False,0.0,-0.5723877,1.2793427,285.5608,287.36206,98486.375,95.529526,14.212067,12.410797,984.8638,0.0,1.401551,88.92171,18.6,18.6,18.6,observed
2023-11-16 22:00:00,48.0,29.0,1087.0,,,,19.3,,False,False,False,False,False,0.0,-0.5814209,1.8021393,285.51636,287.47192,98471.44,115.563126,14.32193,12.366364,984.71436,0.0,1.8936093,88.03468,19.3,19.3,19.3,observed
2023-11-16 23:00:00,48.0,29.0,1087.0,,,,18.4,,False,False,False,False,False,0.0,-0.2771454,1.786972,285.68555,287.1438,98478.125,135.37073,13.993805,12.535553,984.78125,0.0,1.8083359,90.92921,18.4,18.4,18.4,observed
2023-11-17 00:00:00,48.0,29.0,1087.0,,,,19.9,,False,False,False,False,False,0.0,0.22467041,1.8408966,285.68457,286.9702,98448.31,152.74133,13.820221,12.534576,984.48315,0.0,1.8545557,91.95319,19.9,19.9,19.9,observed
2023-11-17 01:00:00,48.0,29.0,1087.0,,,,18.1,,False,False,False,False,False,0.0,0.4573059,1.9837799,285.62012,286.96143,98385.5,169.3451,13.811432,12.470123,983.855,0.0,2.0358074,91.6175,18.1,18.1,18.1,observed
2023-11-17 02:00:00,48.0,29.0,1087.0,,,,22.5,,False,False,False,False,False,0.0,0.6818085,1.667572,285.5752,286.6062,98349.625,159.23822,13.456207,12.425201,983.4963,0.0,1.8015714,93.48219,22.5,22.5,22.5,observed
2023-11-17 03:00:00,48.0,29.0,1087.0,,,,18.5,,False,False,False,False,False,0.0,0.71780396,1.670639,285.55518,286.3794,98316.375,132.78372,13.229401,12.405182,983.16376,0.0,1.8183172,94.74955,18.5,18.5,18.5,observed
2023-11-17 04:00:00,48.0,29.0,1087.0,,,,14.9,,False,False,False,False,False,0.0,1.2397614,1.0216827,285.15332,285.47705,98301.75,99.194595,12.327057,12.003326,983.0175,0.0,1.6065005,97.89333,14.9,14.9,14.9,observed
2023-11-17 05:00:00,48.0,29.0,1087.0,,,,15.7,,False,False,False,False,False,0.0,1.6155243,0.7259369,285.18335,285.489,98313.69,101.61467,12.33902,12.033356,983.1369,0.0,1.7711306,98.01005,15.7,15.7,15.7,observed
2023-11-17 06:00:00,48.0,29.0,1087.0,,,,17.1,,False,False,False,False,False,0.0,1.2036743,1.2612,285.26807,285.49878,98313.06,123.77916,12.348785,12.1180725,983.1306,0.0,1.7434039,98.49485,17.1,17.1,17.1,observed
2023-11-17 07:00:00,48.0,29.0,1087.0,,,,18.9,,False,False,False,False,False,0.0,1.1716003,1.5359344,285.47876,285.69263,98345.06,136.55891,12.542633,12.328766,983.4506,0.0,1.9317718,98.60618,18.9,18.9,18.9,observed
2023-11-17 08:00:00,48.0,29.0,1087.0,,,,16.3,,False,False,False,False,False,0.0,1.8050232,1.7295837,286.5298,286.94824,98384.5,199.31541,13.798248,13.379791,983.845,0.0,2.4999137,97.31497,16.3,16.3,16.3,observed
2023-11-17 09:00:00,48.0,29.0,1087.0,,,,14.1,,False,False,False,False,False,0.0,2.2035065,2.1291199,287.28076,288.3423,98422.81,272.688,15.192291,14.130768,984.22815,0.0,3.064081,93.38209,14.1,14.1,14.1,observed
2023-11-17 10:00:00,48.0,29.0,1087.0,,,,11.9,,False,False,False,False,False,0.0,2.8815155,2.092163,287.98608,289.56494,98448.125,364.59058,16.414948,14.83609,984.48126,0.0,3.560938,90.38583,11.9,11.9,11.9,observed
2023-11-17 11:00:00,48.0,29.0,1087.0,,,,12.9,,False,False,False,False,False,0.0,2.9886932,2.0249176,288.89893,292.65283,98452.375,443.5244,19.502838,15.748932,984.52374,0.0,3.6100662,78.925125,12.9,12.9,12.9,observed
2023-11-17 12:00:00,48.0,29.0,1087.0,,,,12.7,,False,False,False,False,False,0.0,2.825592,1.8320465,289.2688,294.2412,98376.5,507.10132,21.091217,16.118805,983.765,0.0,3.3675458,73.25943,12.7,12.7,12.7,observed
2023-11-17 13:00:00,48.0,29.0,1087.0,,,,10.9,,False,False,False,False,False,0.0,2.9027863,1.5622711,289.70557,295.72168,98304.81,587.26587,22.571686,16.555573,983.0481,0.0,3.296492,68.815056,10.9,10.9,10.9,observed
2023-11-17 14:00:00,48.0,29.0,1087.0,,,,9.9,,False,False,False,False,False,0.0,2.8468475,1.2118835,290.1521,297.75708,98213.875,651.24756,24.607086,17.002106,982.13873,0.0,3.0940592,62.621784,9.9,9.9,9.9,observed
2023-11-17 15:00:00,48.0,29.0,1087.0,,,,9.8,,False,False,False,False,False,0.0,2.5845642,0.6019745,290.35742,298.35693,98181.94,706.7854,25.20694,17.207428,981.8194,0.0,2.6537418,61.21057,9.8,9.8,9.8,observed
2023-11-17 16:00:00,48.0,29.0,1087.0,,,,10.0,,False,False,False,False,False,0.0,1.3868866,1.0791626,290.60693,297.344,98153.0,564.46045,24.194,17.45694,981.53,0.0,1.7572838,66.06337,10.0,10.0,10.0,observed
2023-11-17 17:00:00,48.0,29.0,1087.0,,,,10.2,,False,False,False,False,False,0.0,0.3786316,1.3164062,291.08862,296.5227,98209.125,105.93292,23.372711,17.93863,982.09125,0.0,1.3697764,71.54879,10.2,10.2,10.2,observed
2023-11-17 18:00:00,48.0,29.0,1087.0,,,,9.1,,False,False,False,False,False,0.0,0.593338,1.8350067,291.11182,295.17603,98228.625,55.57431,22.026031,17.961823,982.28625,0.0,1.9285486,77.75221,9.1,9.1,9.1,observed
2023-11-17 19:00:00,48.0,29.0,1087.0,,,,10.0,,False,False,False,False,False,0.0,1.2070618,0.32443237,290.8396,293.68237,98318.06,40.61783,20.53238,17.689606,983.1806,0.0,1.2499018,83.76139,10.0,10.0,10.0,observed
2023-11-17 20:00:00,48.0,29.0,1087.0,,,,5.2,,False,False,False,False,False,0.0,0.5675812,-2.3227692,289.86523,292.35327,98427.81,136.47945,19.203278,16.71524,984.27814,0.0,2.3911095,85.51682,5.2,5.2,5.2,observed
2023-11-17 21:00:00,48.0,29.0,1087.0,,,,7.2,,False,False,False,False,False,0.0,-0.123428345,-3.752472,289.00854,292.4895,98511.56,285.24878,19.339508,15.858551,985.1156,0.0,3.7545013,80.29155,7.2,7.2,7.2,observed
2023-11-17 22:00:00,48.0,29.0,1087.0,,,,8.4,,False,False,False,False,False,0.0,-0.565155,-4.729416,287.8474,292.20312,98568.375,411.5381,19.053131,14.697418,985.6838,0.0,4.7630634,75.86567,8.4,8.4,8.4,observed
2023-11-17 23:00:00,48.0,29.0,1087.0,,,,9.7,,False,False,False,False,False,0.0,-0.9742737,-4.9064636,286.99756,290.9004,98629.5,414.21167,17.750397,13.847565,986.295,0.0,5.002259,77.91538,9.7,9.7,9.7,observed
2023-11-18 00:00:00,48.0,29.0,1087.0,,,,10.1,,False,False,False,False,False,0.0,-1.162857,-4.7282867,287.24927,290.30762,98673.69,428.396,17.157623,14.099274,986.7369,0.0,4.8691816,82.217316,10.1,10.1,10.1,observed
2023-11-18 01:00:00,48.0,29.0,1087.0,,,,10.4,,False,False,False,False,False,0.0,-1.2147675,-4.506653,287.62646,290.04517,98678.44,444.31152,16.895172,14.476471,986.78436,0.0,4.6675024,85.66024,10.4,10.4,10.4,observed
2023-11-18 02:00:00,48.0,29.0,1087.0,,,,7.7,,False,False,False,False,False,0.0,-1.1786346,-4.443619,287.40088,289.50024,98708.875,470.20435,16.35025,14.250885,987.08875,0.0,4.597274,87.39376,7.7,7.7,7.7,observed
2023-11-18 03:00:00,48.0,29.0,1087.0,,,,6.0,,False,False,False,False,False,0.0,-1.3349609,-3.9861908,287.29272,289.22144,98711.06,483.0,16.071442,14.142731,987.1106,0.0,4.2037883,88.339905,6.0,6.0,6.0,observed
2023-11-18 04:00:00,48.0,29.0,1087.0,,,,3.5,,False,False,False,False,False,0.0,-1.2480927,-3.2216492,286.63867,288.4668,98742.31,483.66846,15.316803,13.488678,987.4231,0.0,3.4549615,88.85571,3.5,3.5,3.5,observed
2023-11-18 05:00:00,48.0,29.0,1087.0,,,,2.8,,False,False,False,False,False,0.0,-1.1162109,-3.0362244,286.51025,288.54028,98722.0,516.1189,15.390289,13.36026,987.22,0.0,3.2349012,87.70123,2.8,2.8,2.8,observed
2023-11-18 06:00:00,48.0,29.0,1087.0,,,,2.9,,False,False,False,False,False,0.0,-0.9217682,-2.7578888,286.59985,288.80957,98721.94,513.0442,15.659576,13.44986,987.21936,0.0,2.9078526,86.70559,2.9,2.9,2.9,observed
2023-11-18 07:00:00,48.0,29.0,1087.0,,,,2.9,,False,False,False,False,False,0.00019025803,-1.5606995,-3.0378876,286.6267,289.01953,98779.0,569.7283,15.869537,13.476715,987.79,0.19025803,3.4153395,85.69882,2.9,2.9,2.9,observed
2023-11-18 08:00:00,48.0,29.0,1087.0,,,,3.0,,False,False,False,False,False,0.0,-1.6129608,-2.3492737,286.9414,289.3828,98801.75,612.0371,16.232819,13.791412,988.0175,0.0,2.8496892,85.46602,3.0,3.0,3.0,observed
2023-11-18 09:00:00,48.0,29.0,1087.0,,,,4.3,,False,False,False,False,False,0.0,-1.990448,-2.5757751,287.34082,290.03735,98889.81,613.1333,16.88736,14.190826,988.89813,0.0,3.2552269,84.13414,4.3,4.3,4.3,observed
2023-11-18 10:00:00,48.0,29.0,1087.0,,,,5.1,,False,False,False,False,False,7.6293945e-06,-2.0433197,-2.4121246,286.84863,290.31274,98928.31,632.1609,17.16275,13.698639,989.28314,0.0076293945,3.1612499,80.0816,5.1,5.1,5.1,observed
2023-11-18 11:00:00,48.0,29.0,1087.0,,,,6.0,,False,False,False,False,False,0.0,-2.039856,-2.051361,287.26855,291.6599,98919.56,668.4568,18.509918,14.118561,989.1956,0.0,2.8929389,75.60311,6.0,6.0,6.0,observed
2023-11-18 12:00:00,48.0,29.0,1087.0,,,,7.5,,False,False,False,False,False,0.0,-1.5166016,-1.7347107,287.23022,291.9336,98833.94,702.88965,18.7836,14.080231,988.33936,0.0,2.304192,74.13553,7.5,7.5,7.5,observed
2023-11-18 13:00:00,48.0,29.0,1087.0,,,,9.4,,False,False,False,False,False,2.670288e-05,-1.6648407,-1.7236938,287.16846,292.35767,98733.375,756.5664,19.207672,14.018463,987.33374,0.02670288,2.3964171,71.91146,9.4,9.4,9.4,observed
2023-11-18 14:00:00,48.0,29.0,1087.0,,,,10.3,,False,False,False,False,False,0.0,-1.6998596,-1.5574493,287.37573,292.88525,98612.44,819.32495,19.73526,14.225739,986.1244,0.0,2.3054655,70.53201,10.3,10.3,10.3,observed
2023-11-18 15:00:00,48.0,29.0,1087.0,,,,11.1,,False,False,False,False,False,0.0,-1.7799835,-1.353241,287.37085,292.9851,98587.25,821.77466,19.835114,14.220856,985.8725,0.0,2.235979,70.07447,11.1,11.1,11.1,observed
2023-11-18 16:00:00,48.0,29.0,1087.0,,,,11.3,,False,False,False,False,False,0.0,-1.7046509,-0.99671936,287.22754,292.22412,98556.25,826.0425,19.074127,14.077545,985.5625,0.0,1.9746605,72.790596,11.3,11.3,11.3,observed
2023-11-18 17:00:00,48.0,29.0,1087.0,,,,11.1,,False,False,False,False,False,5.2452087e-06,-1.6809235,-0.63500977,287.0774,292.1057,98543.69,490.91406,18.955719,13.927399,985.4369,0.0052452087,1.7968698,72.61985,11.1,11.1,11.1,observed
2023-11-18 18:00:00,48.0,29.0,1087.0,,,,11.2,,False,False,False,False,False,0.0,-1.2232513,-0.44137573,287.30054,291.72485,98525.94,238.57434,18.57486,14.150543,985.2594,0.0,1.3004447,75.452515,11.2,11.2,11.2,observed
2023-11-18 19:00:00,48.0,29.0,1087.0,,,,10.6,,False,False,False,False,False,9.536743e-07,-1.1652222,-0.44677734,287.40796,291.35034,98560.125,136.6372,18.200348,14.257965,985.60126,0.0009536743,1.2479393,77.783554,10.6,10.6,10.6,observed
2023-11-18 20:00:00,48.0,29.0,1087.0,,,,11.0,,False,False,False,False,False,9.536743e-07,-1.2398071,-0.4049225,287.3806,290.36133,98566.56,127.463745,17.211334,14.230621,985.66565,0.0009536743,1.3042561,82.6383,11.0,11.0,11.0,observed
2023-11-18 21:00:00,48.0,29.0,1087.0,,,,11.5,,False,False,False,False,False,2.861023e-06,-1.3702545,-0.33721924,287.29272,289.7439,98565.06,111.87848,16.593903,14.142731,985.65063,0.002861023,1.4111394,85.44945,11.5,11.5,11.5,observed
2023-11-18 22:00:00,48.0,29.0,1087.0,,,,11.8,,False,False,False,False,False,9.536743e-07,-1.30896,-0.32398987,287.48657,289.60962,98551.19,86.468994,16.459625,14.336578,985.5119,0.0009536743,1.3484604,87.26999,11.8,11.8,11.8,observed
2023-11-18 23:00:00,48.0,29.0,1087.0,,,,11.6,,False,False,False,False,False,0.0,-1.4130402,-0.21426392,287.31885,288.89087,98551.875,66.91667,15.740875,14.168854,985.51874,0.0,1.4291927,90.37804,11.6,11.6,11.6,observed
2023-11-19 00:00:00,48.0,29.0,1087.0,,,,12.4,,False,False,False,False,False,4.7683716e-07,-1.5647583,0.4261322,287.23657,288.42407,98503.625,61.893158,15.274078,14.086578,985.03625,0.00047683716,1.6217451,92.62738,12.4,12.4,12.4,observed
2023-11-19 01:00:00,48.0,29.0,1087.0,,,,13.5,,False,False,False,False,False,4.7683716e-06,-1.0966644,0.7924652,286.9541,288.1565,98435.75,69.52281,15.0065,13.804108,984.3575,0.0047683716,1.353024,92.523125,13.5,13.5,13.5,observed
2023-11-19 02:00:00,48.0,29.0,1087.0,,,,14.5,,False,False,False,False,False,1.2874603e-05,-0.93974304,1.1092224,286.77173,287.75342,98408.875,75.99214,14.603424,13.621735,984.08875,0.012874603,1.4537852,93.838806,14.5,14.5,14.5,observed
2023-11-19 03:00:00,48.0,29.0,1087.0,,,,15.4,,False,False,False,False,False,9.536743e-07,-0.8661194,1.3137207,287.1997,288.3003,98333.375,87.78386,15.150299,14.049713,983.33374,0.0009536743,1.573539,93.143936,15.4,15.4,15.4,observed
2023-11-19 04:00:00,48.0,29.0,1087.0,,,,15.8,,False,False,False,False,False,0.0,-0.51252747,1.4234314,287.47412,288.0774,98281.31,94.870026,14.927399,14.324127,982.8131,0.0,1.5128917,96.18248,15.8,15.8,15.8,observed
2023-11-19 05:00:00,48.0,29.0,1087.0,,,,16.2,,False,False,False,False,False,0.0,-0.70173645,1.6479797,287.45703,287.89673,98247.69,134.26013,14.746735,14.307037,982.47687,0.0,1.7911648,97.200836,16.2,16.2,16.2,observed
2023-11-19 06:00:00,48.0,29.0,1087.0,,,,16.5,,False,False,False,False,False,4.7683716e-07,-0.9578247,1.5976257,287.60205,287.83862,98230.19,158.74867,14.688629,14.452057,982.3019,0.00047683716,1.8627497,98.48459,16.5,16.5,16.5,observed
2023-11-19 07:00:00,48.0,29.0,1087.0,,,,16.4,,False,False,False,False,False,4.7683716e-06,-1.1707458,2.2627563,287.7683,287.95557,98256.06,258.52002,14.8055725,14.618317,982.5606,0.0047683716,2.5476875,98.799904,16.4,16.4,16.4,observed
2023-11-19 08:00:00,48.0,29.0,1087.0,,,,15.2,,False,False,False,False,False,1.9550323e-05,-1.0334778,2.7409058,288.70898,288.87964,98241.19,351.60596,15.729645,15.5589905,982.41187,0.019550323,2.9292731,98.913536,15.2,15.2,15.2,observed
2023-11-19 09:00:00,48.0,29.0,1087.0,,,,13.0,,False,False,False,False,False,4.6253204e-05,-0.9955902,2.7032013,289.13452,289.5952,98257.75,412.9834,16.44522,15.984528,982.5775,0.046253204,2.8807113,97.10662,13.0,13.0,13.0,observed
2023-11-19 10:00:00,48.0,29.0,1087.0,,,,11.8,,False,False,False,False,False,0.00013637543,-1.0233002,3.0369568,289.71143,289.98828,98252.625,415.01,16.838287,16.561432,982.52625,0.13637543,3.204723,98.257515,11.8,11.8,11.8,observed
2023-11-19 11:00:00,48.0,29.0,1087.0,,,,9.6,,False,False,False,False,False,0.00035572052,-0.8921814,3.307846,290.27344,290.8152,98185.5,411.89526,17.665192,17.123444,981.855,0.35572052,3.4260523,96.63644,9.6,9.6,9.6,observed
2023-11-19 12:00:00,48.0,29.0,1087.0,,,,8.2,,False,False,False,False,False,0.0001783371,-0.4219513,3.1562195,290.49927,290.99194,98095.81,423.87915,17.84195,17.349274,980.9581,0.1783371,3.1842997,96.94106,8.2,8.2,8.2,observed
2023-11-19 13:00:00,48.0,29.0,1087.0,,,,7.8,,False,False,False,False,False,0.00039625168,-0.25302124,3.4547577,290.81104,291.28027,97966.25,494.9016,18.13028,17.661041,979.6625,0.39625168,3.4640107,97.09103,7.8,7.8,7.8,observed
2023-11-19 14:00:00,48.0,29.0,1087.0,,,,11.7,,False,False,False,False,False,0.00033044815,-0.57688904,2.97406,291.39697,292.1184,97851.69,609.2822,18.968414,18.246979,978.51685,0.33044815,3.029494,95.58627,11.7,11.7,11.7,observed
2023-11-19 15:00:00,48.0,29.0,1087.0,,,,11.8,,False,False,False,False,False,0.0002603531,-0.31741333,3.0663757,291.63745,292.4331,97788.31,666.09595,19.283112,18.487457,977.8831,0.2603531,3.0827603,95.153435,11.8,11.8,11.8,observed
2023-11-19 16:00:00,48.0,29.0,1087.0,,,,12.2,,False,False,False,False,False,0.0002603531,0.045822144,2.1206055,292.12842,292.63452,97764.25,379.344,19.484528,18.978424,977.6425,0.2603531,2.1211004,96.89746,12.2,12.2,12.2,observed
2023-11-19 17:00:00,48.0,29.0,1087.0,,,,12.2,,False,False,False,False,False,5.8174133e-05,-0.6539459,1.8331451,292.33887,292.78906,97696.625,283.094,19.639069,19.188873,976.96625,0.058174133,1.9462955,97.23918,12.2,12.2,12.2,observed
2023-11-19 18:00:00,48.0,29.0,1087.0,,,,13.3,,False,False,False,False,False,3.71933e-05,-0.91174316,1.7983856,292.5161,292.9734,97692.94,247.74261,19.823395,19.36612,976.9294,0.0371933,2.0163002,97.20019,13.3,13.3,13.3,observed
2023-11-19 19:00:00,48.0,29.0,1087.0,,,,13.2,,False,False,False,False,False,2.670288e-05,-1.0709381,1.6741943,292.22974,292.8418,97704.625,225.63297,19.691803,19.079742,977.04626,0.02670288,1.9874192,96.264496,13.2,13.2,13.2,observed
2023-11-19 20:00:00,48.0,29.0,1087.0,,,,11.9,,False,False,False,False,False,1.3828278e-05,-1.443924,2.193283,292.09375,292.4082,97719.81,316.448,19.25821,18.943756,977.1981,0.013828278,2.6259108,98.058914,11.9,11.9,11.9,observed
2023-11-19 21:00:00,48.0,29.0,1087.0,,,,10.1,,False,False,False,False,False,2.861023e-06,-1.5115814,2.7248535,291.82153,292.1106,97687.81,370.2019,18.960602,18.67154,976.8781,0.002861023,3.11604,98.210396,10.1,10.1,10.1,observed
2023-11-19 22:00:00,48.0,29.0,1087.0,,,,10.3,,False,False,False,False,False,1.9073486e-06,-1.3060608,2.8381958,291.68506,291.88574,97701.125,383.48682,18.735748,18.535065,977.0112,0.0019073486,3.124284,98.75241,10.3,10.3,10.3,observed
2023-11-19 23:00:00,48.0,29.0,1087.0,,,,10.4,,False,False,False,False,False,1.9073486e-06,-1.3344116,2.9056091,291.7046,291.85107,97668.125,384.24414,18.70108,18.554596,976.6813,0.0019073486,3.197377,99.08776,10.4,10.4,10.4,observed
2023-11-20 00:00:00,48.0,29.0,1087.0,,,,10.0,,False,False,False,False,False,4.7683716e-07,-1.4963837,3.0660858,291.7024,291.97705,97596.75,381.25488,18.827057,18.552399,975.9675,0.00047683716,3.4117513,98.29719,10.0,10.0,10.0,observed
2023-11-20 01:00:00,48.0,29.0,1087.0,,,,8.4,,False,False,False,False,False,9.536743e-07,-1.5996246,3.1544495,291.6875,292.00806,97505.125,384.36987,18.858063,18.537506,975.0513,0.0009536743,3.536856,98.01558,8.4,8.4,8.4,observed
2023-11-20 02:00:00,48.0,29.0,1087.0,,,,7.5,,False,False,False,False,False,0.0,-1.140274,2.6905365,291.48438,291.55176,97465.19,348.52173,18.401764,18.334381,974.65186,0.0,2.9221928,99.5785,7.5,7.5,7.5,observed
2023-11-20 03:00:00,48.0,29.0,1087.0,,,,8.7,,False,False,False,False,False,4.7683716e-07,-0.8160248,2.413803,291.4673,291.51733,97430.125,287.1477,18.36734,18.317291,974.3013,0.00047683716,2.5480075,99.6867,8.7,8.7,8.7,observed
2023-11-20 04:00:00,48.0,29.0,1087.0,,,,6.8,,False,False,False,False,False,9.536743e-07,0.68640137,0.8395386,291.5774,291.73877,97466.0,47.534927,18.588776,18.427399,974.66,0.0009536743,1.0844223,98.99457,6.8,6.8,6.8,observed
2023-11-20 05:00:00,48.0,29.0,1087.0,,,,6.5,,False,False,False,False,False,0.0,0.59303284,-0.3441925,291.8064,292.06714,97476.31,34.586304,18.917145,18.656403,974.7631,0.0,0.68567955,98.383934,6.5,6.5,6.5,observed
2023-11-20 06:00:00,48.0,29.0,1087.0,,,,7.4,,False,False,False,False,False,4.7683716e-07,-0.4073639,-0.049713135,291.81836,292.0681,97495.75,20.811798,18.918121,18.668365,974.9575,0.00047683716,0.4103861,98.45158,7.4,7.4,7.4,observed
2023-11-20 07:00:00,48.0,29.0,1087.0,,,,6.4,,False,False,False,False,False,1.001358e-05,-0.80171204,0.041809082,291.99243,292.11084,97540.25,50.45453,18.960846,18.842438,975.4025,0.01001358,0.8028015,99.2635,6.4,6.4,6.4,observed
2023-11-20 08:00:00,48.0,29.0,1087.0,,,,5.9,,False,False,False,False,False,4.1007996e-05,-1.0397339,0.6054535,292.1289,292.30493,97589.56,60.881943,19.154938,18.978912,975.8956,0.041007996,1.203171,98.90844,5.9,5.9,5.9,observed
2023-11-20 09:00:00,48.0,29.0,1087.0,,,,7.4,,False,False,False,False,False,9.584427e-05,-0.0061187744,0.9904785,292.37085,292.64868,97682.875,95.34328,19.498688,19.220856,976.82874,0.09584427,0.9904974,98.28637,7.4,7.4,7.4,observed
2023-11-20 10:00:00,48.0,29.0,1087.0,,,,6.8,,False,False,False,False,False,0.00011444092,1.119278,0.67774963,292.31396,292.5708,97762.56,192.37456,19.420807,19.16397,977.6256,0.11444092,1.308483,98.41405,6.8,6.8,6.8,observed
2023-11-20 11:00:00,48.0,29.0,1087.0,,,,4.9,,False,False,False,False,False,4.8160553e-05,2.4482422,-0.7666626,292.64673,293.94336,97797.375,322.54248,20.793365,19.496735,977.97375,0.048160553,2.5654747,92.29438,4.9,4.9,4.9,observed
2023-11-20 12:00:00,48.0,29.0,1087.0,,,,7.1,,False,False,False,False,False,4.4822693e-05,2.673584,-1.1576233,292.52173,296.18726,97767.56,645.9712,23.037262,19.371735,977.6756,0.044822693,2.9134417,79.861145,7.1,7.1,7.1,observed
2023-11-20 13:00:00,48.0,29.0,1087.0,,,,4.3,,False,False,False,False,False,4.7683716e-06,3.2432098,-1.9384155,290.08667,298.55347,97707.81,1201.2888,25.403473,16.936676,977.0781,0.0047683716,3.7783415,59.470886,4.3,4.3,4.3,observed
2023-11-20 14:00:00,48.0,29.0,1087.0,,,,2.6,,False,False,False,False,False,0.0,3.936203,-2.2738342,285.31836,300.2661,97666.125,1400.2751,27.11612,12.1683655,976.66125,0.0,4.545769,39.506897,2.6,2.6,2.6,observed
2023-11-20 15:00:00,48.0,29.0,1087.0,,,,2.1,,False,False,False,False,False,0.0,3.971756,-2.0589752,281.86694,300.65503,97689.0,1660.855,27.505035,8.716949,976.89,0.0,4.4737263,30.678925,2.1,2.1,2.1,observed
2023-11-20 16:00:00,48.0,29.0,1087.0,,,,2.2,,False,False,False,False,False,0.0,3.455368,-2.4801788,282.79736,298.84497,97755.19,1382.133,25.694977,9.647369,977.5519,0.0,4.2533345,36.33821,2.2,2.2,2.2,observed
2023-11-20 17:00:00,48.0,29.0,1087.0,,,,2.7,,False,False,False,False,False,0.0,2.8998718,-2.2122955,282.03125,297.0393,97864.0,518.03394,23.889313,8.881256,978.64,0.0,3.6473975,38.441704,2.7,2.7,2.7,observed
2023-11-20 18:00:00,48.0,29.0,1087.0,,,,2.5,,False,False,False,False,False,0.0,2.6961823,-2.2640839,281.042,295.40356,97983.125,266.73755,22.25357,7.8919983,979.83124,0.0,3.5207207,39.688248,2.5,2.5,2.5,observed
2023-11-20 19:00:00,48.0,29.0,1087.0,,,,2.7,,False,False,False,False,False,0.0,2.593872,-3.093689,280.2329,294.31226,98111.56,333.32764,21.162262,7.0829163,981.1156,0.0,4.0372124,40.14631,2.7,2.7,2.7,observed
2023-11-20 20:00:00,48.0,29.0,1087.0,,,,3.1,,False,False,False,False,False,0.0,1.96521,-4.290024,281.0852,292.57227,98258.56,530.64453,19.422272,7.935211,982.58563,0.0,4.718724,47.378788,3.1,3.1,3.1,observed
2023-11-20 21:00:00,48.0,29.0,1087.0,,,,4.2,,False,False,False,False,False,0.0,1.0674286,-4.952942,281.27563,292.21655,98350.75,710.5764,19.066559,8.125641,983.5075,0.0,5.0666595,49.070812,4.2,4.2,4.2,observed
2023-11-20 22:00:00,48.0,29.0,1087.0,,,,3.8,,False,False,False,False,False,0.0,0.5678253,-5.665497,281.97998,291.78564,98426.06,897.2688,18.63565,8.829987,984.2606,0.0,5.693881,52.87179,3.8,3.8,3.8,observed
2023-11-20 23:00:00,48.0,29.0,1087.0,,,,2.8,,False,False,False,False,False,0.0,0.31518555,-6.2368317,281.9807,290.396,98504.69,993.5608,17.246002,8.830719,985.0469,0.0,6.2447906,57.70343,2.8,2.8,2.8,observed
2023-11-21 00:00:00,48.0,29.0,1087.0,,,,3.3,,False,False,False,False,False,0.0,0.6248474,-6.0861053,282.11646,289.53174,98561.625,970.4995,16.381744,8.966461,985.6163,0.0,6.1180973,61.516415,3.3,3.3,3.3,observed
2023-11-21 01:00:00,48.0,29.0,1087.0,,,,3.2,,False,False,False,False,False,0.0,0.7792969,-5.967972,282.1914,289.031,98681.44,964.9678,15.881012,9.041412,986.8144,0.0,6.018637,63.83432,3.2,3.2,3.2,observed
2023-11-21 02:00:00,48.0,29.0,1087.0,,,,3.3,,False,False,False,False,False,0.0,0.77563477,-5.851944,281.2793,288.0088,98710.44,972.7378,14.858795,8.129303,987.1044,0.0,5.9031224,64.08156,3.3,3.3,3.3,observed
2023-11-21 03:00:00,48.0,29.0,1087.0,,,,3.4,,False,False,False,False,False,0.0,0.8180847,-5.6597443,280.52368,287.6687,98779.44,969.67773,14.518707,7.3736877,987.7944,0.0,5.718563,62.216904,3.4,3.4,3.4,observed
2023-11-21 04:00:00,48.0,29.0,1087.0,,,,3.2,,False,False,False,False,False,0.0,0.6546631,-5.4450073,278.6548,286.30762,98868.125,986.2317,13.157623,5.5047913,988.6813,0.0,5.484222,59.76125,3.2,3.2,3.2,observed
2023-11-21 05:00:00,48.0,29.0,1087.0,,,,2.7,,False,False,False,False,False,0.0,0.81988525,-5.124542,279.03687,286.03076,98936.375,1061.4126,12.880768,5.8868713,989.3638,0.0,5.1897154,62.483257,2.7,2.7,2.7,observed
2023-11-21 06:00:00,48.0,29.0,1087.0,,,,1.8,,False,False,False,False,False,0.0,1.1354065,-5.0311584,279.5105,286.06226,99014.56,1131.8503,12.912262,6.360504,990.1456,0.0,5.157684,64.426094,1.8,1.8,1.8,observed
2023-11-21 07:00:00,48.0,29.0,1087.0,,,,1.1,,False,False,False,False,False,0.0,1.111145,-5.5580444,279.66235,286.08838,99108.125,1218.4282,12.938385,6.5123596,991.08124,0.0,5.668024,64.99188,1.1,1.1,1.1,observed
2023-11-21 08:00:00,48.0,29.0,1087.0,,,,1.0,,False,False,False,False,False,0.0,0.8871918,-5.966049,279.4121,286.33447,99227.375,1291.8411,13.184479,6.2621155,992.27374,0.0,6.0316544,62.86314,1.0,1.0,1.0,observed
2023-11-21 09:00:00,48.0,29.0,1087.0,,,,1.1,,False,False,False,False,False,0.0,0.6496277,-7.136444,279.0188,287.2378,99338.75,1353.0061,14.087799,5.868805,993.3875,0.0,7.165951,57.689606,1.1,1.1,1.1,observed
2023-11-21 10:00:00,48.0,29.0,1087.0,,,,1.2,,False,False,False,False,False,0.0,0.6147461,-6.7382812,278.80566,287.8479,99433.0,1394.9946,14.6979065,5.65567,994.33,0.0,6.7662654,54.646935,1.2,1.2,1.2,observed
2023-11-21 11:00:00,48.0,29.0,1087.0,,,,2.0,,False,False,False,False,False,0.0,0.7494812,-6.4687653,278.23535,288.59204,99453.25,1439.1284,15.442047,5.0853577,994.5325,0.0,6.5120387,50.071735,2.0,2.0,2.0,observed
2023-11-21 12:00:00,48.0,29.0,1087.0,,,,2.7,,False,False,False,False,False,0.0,1.1015472,-6.5848083,278.03516,288.89575,99421.125,1488.2583,15.745758,4.8851624,994.21124,0.0,6.676309,48.427483,2.7,2.7,2.7,observed
2023-11-21 13:00:00,48.0,29.0,1087.0,,,,2.4,,False,False,False,False,False,0.0,1.5674896,-6.51915,278.35327,288.9558,99359.06,1497.9172,15.805817,5.2032776,993.59064,0.0,6.704949,49.321877,2.4,2.4,2.4,observed
2023-11-21 14:00:00,48.0,29.0,1087.0,,,,1.8,,False,False,False,False,False,0.0,1.8298187,-6.4891663,278.30713,289.45728,99316.875,1535.1726,16.307281,5.157135,993.16876,0.0,6.742219,47.615654,1.8,1.8,1.8,observed
2023-11-21 15:00:00,48.0,29.0,1087.0,,,,1.4,,False,False,False,False,False,0.0,1.8349609,-6.515259,278.49243,289.4397,99257.5,1543.8718,16.289703,5.3424377,992.575,0.0,6.768728,48.286728,1.4,1.4,1.4,observed
2023-11-21 16:00:00,48.0,29.0,1087.0,,,,1.6,,False,False,False,False,False,0.0,1.6412201,-6.143387,278.06396,288.0603,99304.94,1589.5891,14.910309,4.913971,993.0494,0.0,6.358837,51.197235,1.6,1.6,1.6,observed
2023-11-21 17:00:00,48.0,29.0,1087.0,,,,2.0,,False,False,False,False,False,0.0,0.97883606,-5.0331726,277.60742,287.4082,99342.125,1572.2649,14.258209,4.457428,993.42126,0.0,5.12747,51.72313,2.0,2.0,2.0,observed
2023-11-21 18:00:00,48.0,29.0,1087.0,,,,2.7,,False,False,False,False,False,0.0,0.592041,-4.2155304,277.57788,286.97266,99378.375,1367.2295,13.822662,4.427887,993.78375,0.0,4.2569013,53.094246,2.7,2.7,2.7,observed
2023-11-21 19:00:00,48.0,29.0,1087.0,,,,2.9,,False,False,False,False,False,0.0,0.70433044,-3.8643951,277.427,286.19336,99430.94,1141.8728,13.0433655,4.277008,994.3094,0.0,3.928057,55.27151,2.9,2.9,2.9,observed
2023-11-21 20:00:00,48.0,29.0,1087.0,,,,2.8,,False,False,False,False,False,0.0,1.0375214,-3.4226227,277.54785,284.4729,99469.81,758.0615,11.3229065,4.3978577,994.6981,0.0,3.5764222,62.418194,2.8,2.8,2.8,observed
2023-11-21 21:00:00,48.0,29.0,1087.0,,,,3.0,,False,False,False,False,False,0.0,1.1727142,-3.008255,277.58032,283.33765,99509.375,537.5884,10.187653,4.4303284,995.09375,0.0,3.2287545,67.46616,3.0,3.0,3.0,observed
2023-11-21 22:00:00,48.0,29.0,1087.0,,,,3.0,,False,False,False,False,False,0.0,1.2015686,-2.6189575,277.90967,283.34058,99526.31,361.875,10.190582,4.759674,995.2631,0.0,2.8814416,69.02275,3.0,3.0,3.0,observed
2023-11-21 23:00:00,48.0,29.0,1087.0,,,,2.9,,False,False,False,False,False,0.0,1.4500122,-2.5209808,277.32886,282.06543,99543.56,283.59326,8.915436,4.1788635,995.4356,0.0,2.9082434,72.199585,2.9,2.9,2.9,observed
2023-11-22 00:00:00,48.0,29.0,1087.0,,,,2.7,,False,False,False,False,False,0.0,1.6542664,-2.8796234,277.0703,281.8203,99525.375,320.3684,8.670319,3.9203186,995.2537,0.0,3.320968,72.08531,2.7,2.7,2.7,observed
2023-11-22 01:00:00,48.0,29.0,1087.0,,,,2.7,,False,False,False,False,False,0.0,1.5010529,-3.3762665,276.05933,281.6399,99521.75,399.23853,8.489899,2.9093323,995.2175,0.0,3.6949067,67.9491,2.7,2.7,2.7,observed
2023-11-22 02:00:00,48.0,29.0,1087.0,,,,2.6,,False,False,False,False,False,0.0,1.0961304,-3.4148712,273.54712,279.94458,99512.75,373.00854,6.794586,0.39712524,995.1275,0.0,3.586481,63.725628,2.6,2.6,2.6,observed
2023-11-22 03:00:00,48.0,29.0,1087.0,,,,2.6,,False,False,False,False,False,0.0,0.8363342,-3.133728,272.3413,279.32812,99498.19,293.44116,6.178131,-0.8086853,994.9819,0.0,3.2434096,60.910446,2.6,2.6,2.6,observed
2023-11-22 04:00:00,48.0,29.0,1087.0,,,,2.6,,False,False,False,False,False,0.0,0.41978455,-3.063263,269.7671,277.5381,99486.375,235.06905,4.388092,-3.382904,994.8638,0.0,3.0918925,57.043068,2.6,2.6,2.6,observed
2023-11-22 05:00:00,48.0,29.0,1087.0,,,,2.7,,False,False,False,False,False,0.0,0.6444397,-2.5562744,269.7544,277.46484,99491.25,178.48824,4.31485,-3.3955994,994.9125,0.0,2.6362553,57.28197,2.7,2.7,2.7,observed
2023-11-22 06:00:00,48.0,29.0,1087.0,,,,2.7,,False,False,False,False,False,0.0,0.96139526,-2.1179657,269.8235,277.573,99512.94,132.81993,4.423004,-3.3265076,995.1294,0.0,2.3259535,57.1437,2.7,2.7,2.7,observed
2023-11-22 07:00:00,48.0,29.0,1087.0,,,,2.8,,False,False,False,False,False,0.0,0.97953796,-2.027481,269.83447,277.4702,99544.125,120.6351,4.320221,-3.3155212,995.4412,0.0,2.2517047,57.60335,2.8,2.8,2.8,observed
2023-11-22 08:00:00,48.0,29.0,1087.0,,,,2.9,,False,False,False,False,False,0.0,1.4131927,-2.147934,271.55322,279.4524,99592.56,130.70525,6.3023987,-1.5967712,995.9256,0.0,2.5711348,57.00376,2.9,2.9,2.9,observed
2023-11-22 09:00:00,48.0,29.0,1087.0,,,,2.7,,False,False,False,False,False,0.0,1.4199066,-1.1034546,272.24292,281.95752,99613.75,205.50017,8.807526,-0.907074,996.1375,0.0,1.7982621,50.540154,2.7,2.7,2.7,observed
2023-11-22 10:00:00,48.0,29.0,1087.0,,,,2.9,,False,False,False,False,False,0.0,1.4294891,-0.9040222,272.75,284.6394,99621.19,336.46387,11.48941,-0.3999939,996.21185,0.0,1.691359,43.839092,2.9,2.9,2.9,observed
2023-11-22 11:00:00,48.0,29.0,1087.0,,,,2.5,,False,False,False,False,False,0.0,1.3081207,-0.8798828,272.76514,288.3318,99535.75,574.6846,15.181793,-0.38485718,995.3575,0.0,1.5765067,34.50068,2.5,2.5,2.5,observed
2023-11-22 12:00:00,48.0,29.0,1087.0,,,,2.2,,False,False,False,False,False,0.0,1.233551,-0.7811127,273.34766,289.69092,99428.125,991.10596,16.540924,0.19766235,994.28125,0.0,1.4600635,32.99641,2.2,2.2,2.2,observed
2023-11-22 13:00:00,48.0,29.0,1087.0,,,,1.8,,False,False,False,False,False,0.0,1.042038,-0.86169434,273.17603,290.43652,99275.31,1269.7607,17.28653,0.026031494,992.7531,0.0,1.3521687,31.08422,1.8,1.8,1.8,observed
2023-11-22 14:00:00,48.0,29.0,1087.0,,,,1.8,,False,False,False,False,False,0.0,0.9928894,-0.79351807,273.1355,291.71094,99175.31,1392.605,18.560944,-0.01449585,991.7531,0.0,1.2710233,28.605562,1.8,1.8,1.8,observed
2023-11-22 15:00:00,48.0,29.0,1087.0,,,,1.7,,False,False,False,False,False,0.0,1.1784515,-0.7186279,273.2964,292.08228,99067.625,1390.7126,18.932281,0.14639282,990.6763,0.0,1.3802805,28.277094,1.7,1.7,1.7,observed
2023-11-22 16:00:00,48.0,29.0,1087.0,,,,1.7,,False,False,False,False,False,0.0,0.8365021,-1.0484467,274.11255,290.5625,98963.5,1332.1228,17.412506,0.96255493,989.635,0.0,1.3412591,32.995857,1.7,1.7,1.7,observed
2023-11-22 17:00:00,48.0,29.0,1087.0,,,,2.2,,False,False,False,False,False,0.0,-0.25704956,-0.41970825,276.79077,289.8098,98916.94,23.895477,16.65982,3.6407776,989.1694,0.0,0.49216816,41.873356,2.2,2.2,2.2,observed
2023-11-22 18:00:00,48.0,29.0,1087.0,,,,2.9,,False,False,False,False,False,0.0,0.022903442,0.7297058,277.0564,287.52222,98933.06,18.566467,14.372223,3.9064026,989.3306,0.0,0.73006517,49.39809,2.9,2.9,2.9,observed
2023-11-22 19:00:00,48.0,29.0,1087.0,,,,4.2,,False,False,False,False,False,0.0,0.12753296,0.74316406,277.47095,285.57764,98931.06,20.332886,12.427643,4.3209534,989.3106,0.0,0.75402755,57.722694,4.2,4.2,4.2,observed
2023-11-22 20:00:00,48.0,29.0,1087.0,,,,5.9,,False,False,False,False,False,0.0,0.29566956,0.14341736,277.39087,282.95605,98935.06,22.26387,9.806061,4.2408752,989.35065,0.0,0.32861683,68.29891,5.9,5.9,5.9,observed
2023-11-22 21:00:00,48.0,29.0,1087.0,,,,8.4,,False,False,False,False,False,0.0,-0.5696869,0.029464722,277.41406,281.89746,98958.94,21.832626,8.747467,4.2640686,989.58936,0.0,0.57044834,73.46034,8.4,8.4,8.4,observed
2023-11-22 22:00:00,48.0,29.0,1087.0,,,,9.1,,False,False,False,False,False,0.0,-1.5338898,-0.017425537,277.2439,282.1875,98938.875,26.154251,9.037506,4.0939026,989.38873,0.0,1.5339887,71.18232,9.1,9.1,9.1,observed
2023-11-22 23:00:00,48.0,29.0,1087.0,,,,13.6,,False,False,False,False,False,0.0,-1.953537,0.69963074,276.88867,281.698,98908.19,39.163895,8.548004,3.738678,989.08185,0.0,2.0750399,71.762146,13.6,13.6,13.6,observed
2023-11-23 00:00:00,48.0,29.0,1087.0,,,,10.2,,False,False,False,False,False,0.0,-1.5346527,1.4540253,277.0027,280.71533,98858.56,50.024292,7.565338,3.8526917,988.58563,0.0,2.1140833,77.33413,10.2,10.2,10.2,observed
2023-11-23 01:00:00,48.0,29.0,1087.0,,,,9.2,,False,False,False,False,False,0.0,-1.5353394,1.8018188,277.15894,279.92285,98800.69,42.54387,6.7728577,4.0089417,988.0069,0.0,2.3672385,82.54408,9.2,9.2,9.2,observed
2023-11-23 02:00:00,48.0,29.0,1087.0,,,,7.7,,False,False,False,False,False,0.0,-1.0218506,1.7953339,276.6184,278.59912,98785.06,62.59694,5.449127,3.4684143,987.85065,0.0,2.0657692,87.06523,7.7,7.7,7.7,observed
2023-11-23 03:00:00,48.0,29.0,1087.0,,,,8.4,,False,False,False,False,False,0.0,-0.6201477,1.9444885,276.7583,278.4287,98775.81,78.57599,5.278717,3.608307,987.7581,0.0,2.0409849,88.97393,8.4,8.4,8.4,observed
2023-11-23 04:00:00,48.0,29.0,1087.0,,,,7.3,,False,False,False,False,False,0.0,0.38446045,1.7234802,276.95923,279.427,98773.5,57.820953,6.277008,3.8092346,987.735,0.0,1.7658409,84.2179,7.3,7.3,7.3,observed
2023-11-23 05:00:00,48.0,29.0,1087.0,,,,6.1,,False,False,False,False,False,0.0,0.7198639,1.7990417,277.5547,279.98706,98787.5,96.875595,6.8370667,4.4046936,987.875,0.0,1.9377191,84.49206,6.1,6.1,6.1,observed
2023-11-23 06:00:00,48.0,29.0,1087.0,,,,7.5,,False,False,False,False,False,0.0,1.4099731,1.4023743,277.5979,280.14966,98765.125,118.09332,6.9996643,4.4479065,987.65125,0.0,1.9886372,83.808334,7.5,7.5,7.5,observed
2023-11-23 07:00:00,48.0,29.0,1087.0,,,,8.3,,False,False,False,False,False,0.0,1.9195557,1.4616089,277.24365,280.67798,98808.125,156.74664,7.5279846,4.0936584,988.08124,0.0,2.4126737,78.854195,8.3,8.3,8.3,observed
2023-11-23 08:00:00,48.0,29.0,1087.0,,,,9.9,,False,False,False,False,False,1.9073486e-06,2.0578766,2.3623047,277.2798,281.6272,98844.19,260.33716,8.477203,4.1297913,988.4419,0.0019073486,3.1329443,74.1149,9.9,9.9,9.9,observed
2023-11-23 09:00:00,48.0,29.0,1087.0,,,,6.4,,False,False,False,False,False,2.861023e-06,2.318863,2.8864899,278.1245,282.22656,98925.125,339.4348,9.076569,4.974518,989.2512,0.002861023,3.7025597,75.5017,6.4,6.4,6.4,observed
2023-11-23 10:00:00,48.0,29.0,1087.0,,,,5.8,,False,False,False,False,False,0.000166893,2.8236237,2.2470856,279.13403,283.01123,98949.75,356.41626,9.861237,5.9840393,989.4975,0.166893,3.6086345,76.81935,5.8,5.8,5.8,observed
2023-11-23 11:00:00,48.0,29.0,1087.0,,,,5.6,,False,False,False,False,False,5.722046e-05,3.0372467,1.5834045,280.4746,284.2583,98911.125,332.60962,11.108307,7.3246155,989.11127,0.05722046,3.4252062,77.513374,5.6,5.6,5.6,observed
2023-11-23 12:00:00,48.0,29.0,1087.0,,,,4.1,,False,False,False,False,False,5.2452087e-06,2.8020325,1.2906036,280.31567,285.57373,98809.125,363.05518,12.423737,7.16568,988.09125,0.0052452087,3.0849707,70.301605,4.1,4.1,4.1,observed
2023-11-23 13:00:00,48.0,29.0,1087.0,,,,3.2,,False,False,False,False,False,6.67572e-06,2.2786713,2.0594025,280.37866,285.65356,98692.44,447.45532,12.503571,7.228668,986.9244,0.00667572,3.0713973,70.2363,3.2,3.2,3.2,observed
2023-11-23 14:00:00,48.0,29.0,1087.0,,,,3.2,,False,False,False,False,False,0.0,1.9450836,2.6272888,279.72705,286.63477,98644.31,638.85474,13.484772,6.577057,986.4431,0.0,3.2689443,62.995823,3.2,3.2,3.2,observed
2023-11-23 15:00:00,48.0,29.0,1087.0,,,,2.9,,False,False,False,False,False,0.0,1.3452911,2.4561157,279.3877,287.66748,98574.875,750.1499,14.517487,6.2377014,985.7488,0.0,2.800413,57.55561,2.9,2.9,2.9,observed
2023-11-23 16:00:00,48.0,29.0,1087.0,,,,2.8,,False,False,False,False,False,0.0,0.90782166,2.0936127,280.0598,286.91064,98545.625,820.90015,13.760651,6.9098206,985.45624,0.0,2.2819629,63.30571,2.8,2.8,2.8,observed
2023-11-23 17:00:00,48.0,29.0,1087.0,,,,6.2,,False,False,False,False,False,0.0,-0.34403992,1.3513336,280.3423,286.41357,98528.125,337.688,13.26358,7.1922913,985.28125,0.0,1.3944411,66.66441,6.2,6.2,6.2,observed
2023-11-23 18:00:00,48.0,29.0,1087.0,,,,7.6,,False,False,False,False,False,0.0,-1.3836212,1.1731567,280.48096,284.2871,98580.44,101.01596,11.1371155,7.330963,985.8044,0.0,1.8140298,77.39902,7.6,7.6,7.6,observed
2023-11-23 19:00:00,48.0,29.0,1087.0,,,,9.9,,False,False,False,False,False,0.0,-2.0754395,1.5939789,280.4048,284.33374,98640.81,139.01544,11.183746,7.2547913,986.40814,0.0,2.61691,76.759415,9.9,9.9,9.9,observed
2023-11-23 20:00:00,48.0,29.0,1087.0,,,,8.2,,False,False,False,False,False,0.0,-2.111496,2.0050354,279.92188,283.20312,98710.81,195.0301,10.053131,6.771881,987.10815,0.0,2.9118006,80.06697,8.2,8.2,8.2,observed
2023-11-23 21:00:00,48.0,29.0,1087.0,,,,6.5,,False,False,False,False,False,0.0,-1.6518097,1.8358765,279.79517,282.62427,98718.25,193.96106,9.474274,6.645172,987.1825,0.0,2.4695988,82.51333,6.5,6.5,6.5,observed
2023-11-23 22:00:00,48.0,29.0,1087.0,,,,5.2,,False,False,False,False,False,0.0,-1.3241272,1.4683228,279.76587,282.0935,98762.375,157.63109,8.943512,6.6158752,987.6238,0.0,1.9771911,85.34294,5.2,5.2,5.2,observed
2023-11-23 23:00:00,48.0,29.0,1087.0,,,,5.5,,False,False,False,False,False,0.0,-1.1859589,1.2441559,279.5874,281.2959,98792.5,125.19281,8.145905,6.4374084,987.925,0.0,1.7188433,88.97747,5.5,5.5,5.5,observed
2023-11-24 00:00:00,48.0,29.0,1087.0,,,,6.4,,False,False,False,False,False,0.0,-1.2893524,1.3476562,279.39038,280.87598,98778.69,105.21576,7.7259827,6.240387,987.78687,0.0,1.8651024,90.32095,6.4,6.4,6.4,observed
2023-11-24 01:00:00,48.0,29.0,1087.0,,,,6.8,,False,False,False,False,False,0.0,-1.2107239,1.5315094,279.57593,281.01733,98791.94,91.18454,7.86734,6.425934,987.9194,0.0,1.9522738,90.60656,6.8,6.8,6.8,observed
2023-11-24 02:00:00,48.0,29.0,1087.0,,,,7.8,,False,False,False,False,False,0.0,-1.0780945,1.3125153,279.0078,279.9624,98766.0,70.81821,6.8124084,5.8578186,987.66,0.0,1.6985241,93.63616,7.8,7.8,7.8,observed
2023-11-24 03:00:00,48.0,29.0,1087.0,,,,7.4,,False,False,False,False,False,0.0,-1.1069031,0.69877625,278.8672,280.04712,98767.81,44.17737,6.8971252,5.7171936,987.6781,0.0,1.3090159,92.19228,7.4,7.4,7.4,observed
2023-11-24 04:00:00,48.0,29.0,1087.0,,,,6.8,,False,False,False,False,False,0.0,-1.1789398,-0.47203064,277.88086,278.45703,98782.94,36.201492,5.3070374,4.7308655,987.82935,0.0,1.269926,96.0684,6.8,6.8,6.8,observed
2023-11-24 05:00:00,48.0,29.0,1087.0,,,,6.8,,False,False,False,False,False,0.0,-0.8838043,-0.9354248,277.69214,278.1167,98786.31,31.959976,4.9667053,4.542145,987.8631,0.0,1.286907,97.08158,6.8,6.8,6.8,observed
2023-11-24 06:00:00,48.0,29.0,1087.0,,,,7.8,,False,False,False,False,False,0.0,-0.68440247,-1.0957031,277.53613,277.88623,98832.75,30.617142,4.7362366,4.386139,988.3275,0.0,1.291887,97.58348,7.8,7.8,7.8,observed
2023-11-24 07:00:00,48.0,29.0,1087.0,,,,7.0,,False,False,False,False,False,0.0,-1.1215515,-1.2390594,277.4629,277.97876,98904.19,41.370224,4.828766,4.3128967,989.0419,0.0,1.6712708,96.45999,7.0,7.0,7.0,observed
2023-11-24 08:00:00,48.0,29.0,1087.0,,,,6.4,,False,False,False,False,False,0.0,-1.8454437,-1.7922668,279.29614,280.4646,98928.625,76.02432,7.3146057,6.1461487,989.28625,0.0,2.5725245,92.29035,6.4,6.4,6.4,observed
2023-11-24 09:00:00,48.0,29.0,1087.0,,,,5.2,,False,False,False,False,False,0.0,-1.8804474,-1.2958832,280.7539,282.91333,99017.375,177.65416,9.763336,7.6039124,990.17377,0.0,2.283724,86.41716,5.2,5.2,5.2,observed
2023-11-24 10:00:00,48.0,29.0,1087.0,,,,3.7,,False,False,False,False,False,0.0,-2.292511,-1.0014496,281.15503,284.58398,99081.5,337.12305,11.4339905,8.005035,990.815,0.0,2.5017009,79.45985,3.7,3.7,3.7,observed
2023-11-24 11:00:00,48.0,29.0,1087.0,,,,3.3,,False,False,False,False,False,0.0,-2.6204224,-0.82110596,281.76904,286.78394,99073.69,510.16602,13.633942,8.619049,990.7369,0.0,2.7460568,71.708336,3.3,3.3,3.3,observed
2023-11-24 12:00:00,48.0,29.0,1087.0,,,,3.1,,False,False,False,False,False,0.0,-2.9959717,-0.76560974,282.0276,289.25,99010.56,647.6953,16.100006,8.877594,990.10565,0.0,3.092249,62.256306,3.1,3.1,3.1,observed
2023-11-24 13:00:00,48.0,29.0,1087.0,,,,3.2,,False,False,False,False,False,0.0,-3.3017578,-0.6001282,281.9983,290.30933,98898.25,747.2212,17.159332,8.848297,988.9825,0.0,3.3558545,58.08951,3.2,3.2,3.2,observed
2023-11-24 14:00:00,48.0,29.0,1087.0,,,,3.4,,False,False,False,False,False,0.0,-3.491043,-0.44204712,282.4104,291.28857,98823.81,817.0188,18.13858,9.2604065,988.2381,0.0,3.5189185,56.150658,3.4,3.4,3.4,observed
2023-11-24 15:00:00,48.0,29.0,1087.0,,,,3.8,,False,False,False,False,False,0.0,-3.6574554,-0.2722473,282.5569,291.65674,98771.31,860.5542,18.506744,9.406891,987.71313,0.0,3.667574,55.4124,3.8,3.8,3.8,observed
2023-11-24 16:00:00,48.0,29.0,1087.0,,,,3.6,,False,False,False,False,False,0.0,-3.4380798,-0.08303833,281.7954,290.3811,98759.69,859.36694,17.23111,8.645416,987.59686,0.0,3.4390824,57.03909,3.6,3.6,3.6,observed
2023-11-24 17:00:00,48.0,29.0,1087.0,,,,4.1,,False,False,False,False,False,0.0,-2.4749908,0.06034851,281.75,289.59204,98813.06,494.15796,16.442047,8.600006,988.1306,0.0,2.4757266,59.782528,4.1,4.1,4.1,observed
2023-11-24 18:00:00,48.0,29.0,1087.0,,,,5.3,,False,False,False,False,False,0.0,-2.1839294,-0.2904358,281.77148,287.7068,98884.875,141.79103,14.556793,8.6214905,988.84875,0.0,2.203157,67.557816,5.3,5.3,5.3,observed
2023-11-24 19:00:00,48.0,29.0,1087.0,,,,5.5,,False,False,False,False,False,0.0,-2.457428,-0.5983429,281.59985,286.78564,98913.94,123.67212,13.635651,8.44986,989.1394,0.0,2.5292225,70.88401,5.5,5.5,5.5,observed
2023-11-24 20:00:00,48.0,29.0,1087.0,,,,6.6,,False,False,False,False,False,0.0,-2.5298462,-0.68655396,281.1267,285.33276,98958.125,129.88042,12.18277,7.976715,989.58124,0.0,2.6213505,75.48557,6.6,6.6,6.6,observed
2023-11-24 21:00:00,48.0,29.0,1087.0,,,,6.5,,False,False,False,False,False,0.0,-2.4360962,-0.722641,280.99097,285.0022,99006.81,132.79298,11.852203,7.840973,990.0681,0.0,2.5410185,76.43761,6.5,6.5,6.5,observed
2023-11-24 22:00:00,48.0,29.0,1087.0,,,,5.7,,False,False,False,False,False,0.0,-2.480545,-0.81651306,280.8186,284.86914,99041.19,135.19586,11.719147,7.6686096,990.41187,0.0,2.6114743,76.211586,5.7,5.7,5.7,observed
2023-11-24 23:00:00,48.0,29.0,1087.0,,,,5.7,,False,False,False,False,False,0.0,-2.564682,-0.92015076,280.57178,284.3462,99051.19,144.01476,11.1961975,7.4217834,990.5119,0.0,2.7247515,77.57626,5.7,5.7,5.7,observed
2023-11-25 00:00:00,48.0,29.0,1087.0,,,,5.4,,False,False,False,False,False,4.7683716e-07,-2.6111755,-0.99102783,280.41064,283.80273,99006.81,160.97345,10.6527405,7.2606506,990.0681,0.00047683716,2.7929149,79.54674,5.4,5.4,5.4,observed
2023-11-25 01:00:00,48.0,29.0,1087.0,,,,5.4,,False,False,False,False,False,2.861023e-06,-2.3247375,-1.1856842,280.25,283.99048,98973.56,153.04198,10.840485,7.100006,989.7356,0.002861023,2.6096458,77.70096,5.4,5.4,5.4,observed
2023-11-25 02:00:00,48.0,29.0,1087.0,,,,6.0,,False,False,False,False,False,4.7683716e-07,-2.2387543,-1.4810181,280.0193,283.27905,98955.69,159.34404,10.129059,6.869293,989.5569,0.00047683716,2.684294,80.1958,6.0,6.0,6.0,observed
2023-11-25 03:00:00,48.0,29.0,1087.0,,,,6.4,,False,False,False,False,False,1.4305115e-06,-2.1760254,-1.7903595,280.0193,283.6106,98912.5,173.06662,10.460602,6.869293,989.125,0.0014305115,2.8178847,78.44066,6.4,6.4,6.4,observed
2023-11-25 04:00:00,48.0,29.0,1087.0,,,,6.4,,False,False,False,False,False,9.536743e-07,-2.2250824,-2.192215,280.09814,284.08252,98902.75,221.79092,10.932526,6.9481506,989.0275,0.0009536743,3.1235874,76.428116,6.4,6.4,6.4,observed
2023-11-25 05:00:00,48.0,29.0,1087.0,,,,7.1,,False,False,False,False,False,0.0,-2.5835114,-1.6149292,279.91724,284.21167,98881.31,255.2455,11.061676,6.7672424,988.8131,0.0,3.046724,74.84123,7.1,7.1,7.1,observed
2023-11-25 06:00:00,48.0,29.0,1087.0,,,,8.8,,False,False,False,False,False,1.1444092e-05,-3.1423492,-1.5605774,279.78174,284.19702,98862.19,301.4563,11.047028,6.6317444,988.6219,0.011444092,3.5085268,74.22008,8.8,8.8,8.8,observed
2023-11-25 07:00:00,48.0,29.0,1087.0,,,,10.3,,False,False,False,False,False,1.7166138e-05,-3.3125305,-1.5121307,279.84326,284.1819,98859.25,331.9082,11.031891,6.693268,988.5925,0.017166138,3.6413455,74.60936,10.3,10.3,10.3,observed
2023-11-25 08:00:00,48.0,29.0,1087.0,,,,9.8,,False,False,False,False,False,0.00013446808,-3.155899,-1.3232422,280.4961,284.42334,98886.875,350.09692,11.273346,7.3461,988.8688,0.13446808,3.4220855,76.78279,9.8,9.8,9.8,observed
2023-11-25 09:00:00,48.0,29.0,1087.0,,,,10.1,,False,False,False,False,False,0.00012493134,-3.2557068,-1.1306,280.94507,283.99365,98911.125,372.48242,10.843658,7.7950745,989.11127,0.124931335,3.4464304,81.45979,10.1,10.1,10.1,observed
2023-11-25 10:00:00,48.0,29.0,1087.0,,,,10.5,,False,False,False,False,False,0.00022506714,-3.114273,-1.3098297,281.49268,284.1748,98888.94,379.79395,11.024811,8.342682,988.8894,0.22506714,3.378513,83.536224,10.5,10.5,10.5,observed
2023-11-25 11:00:00,48.0,29.0,1087.0,,,,10.7,,False,False,False,False,False,0.0002374649,-2.9655914,-1.571518,282.20508,285.38574,98865.5,396.7527,12.235748,9.055084,988.655,0.2374649,3.356248,80.91956,10.7,10.7,10.7,observed
2023-11-25 12:00:00,48.0,29.0,1087.0,,,,9.4,,False,False,False,False,False,0.00027751923,-2.8704376,-1.6399231,282.5725,285.4204,98748.81,417.06274,12.270416,9.422516,987.4881,0.27751923,3.3058677,82.75687,9.4,9.4,9.4,observed
2023-11-25 13:00:00,48.0,29.0,1087.0,,,,8.5,,False,False,False,False,False,0.00010585785,-3.5166473,-1.0497894,282.6421,285.6045,98618.0,512.8242,12.454498,9.492096,986.18,0.10585785,3.6699953,82.14562,8.5,8.5,8.5,observed
2023-11-25 14:00:00,48.0,29.0,1087.0,,,,8.0,,False,False,False,False,False,9.536743e-07,-3.9741974,-0.32762146,283.28687,286.27856,98492.31,594.07007,13.128571,10.136871,984.9231,0.0009536743,3.9876785,82.07025,8.0,8.0,8.0,observed
2023-11-25 15:00:00,48.0,29.0,1087.0,,,,8.6,,False,False,False,False,False,7.534027e-05,-3.6082764,-0.3755951,283.47583,286.13232,98419.125,626.66113,12.98233,10.325836,984.1912,0.07534027,3.6277719,83.91009,8.6,8.6,8.6,observed
2023-11-25 16:00:00,48.0,29.0,1087.0,,,,10.0,,False,False,False,False,False,2.002716e-05,-1.7654724,-1.966156,283.68066,287.81665,98385.625,225.39752,14.6666565,10.53067,983.85626,0.02002716,2.6424727,76.25251,10.0,10.0,10.0,observed
2023-11-25 17:00:00,48.0,29.0,1087.0,,,,8.2,,False,False,False,False,False,6.67572e-06,-1.4459381,-2.275589,283.78467,287.63403,98369.375,170.38326,14.484039,10.634674,983.6937,0.00667572,2.6961162,77.69286,8.2,8.2,8.2,observed
2023-11-25 18:00:00,48.0,29.0,1087.0,,,,8.7,,False,False,False,False,False,2.3841858e-05,-1.1277924,-2.1192627,283.75098,287.72168,98395.875,110.693115,14.571686,10.600983,983.95874,0.023841858,2.4006643,77.08134,8.7,8.7,8.7,observed
2023-11-25 19:00:00,48.0,29.0,1087.0,,,,8.2,,False,False,False,False,False,7.05719e-05,-1.1161652,-2.136612,283.97144,287.64917,98439.0,96.311676,14.499176,10.821442,984.39,0.0705719,2.4105883,78.58722,8.2,8.2,8.2,observed
2023-11-25 20:00:00,48.0,29.0,1087.0,,,,9.0,,False,False,False,False,False,0.00019836426,-0.9980011,-2.2063293,284.25757,287.33228,98473.0,101.3786,14.1822815,11.107574,984.73,0.19836426,2.4215481,81.7526,9.0,9.0,9.0,observed
2023-11-25 21:00:00,48.0,29.0,1087.0,,,,11.1,,False,False,False,False,False,0.00018978119,-1.0273895,-2.0345306,284.5166,287.1057,98493.625,95.4841,13.955719,11.366608,984.9363,0.18978119,2.27922,84.39768,11.1,11.1,11.1,observed
2023-11-25 22:00:00,48.0,29.0,1087.0,,,,10.7,,False,False,False,False,False,8.106232e-05,-0.9191437,-1.9526672,284.56592,287.01733,98508.0,94.71927,13.86734,11.415924,985.08,0.08106232,2.1581786,85.16045,10.7,10.7,10.7,observed
2023-11-25 23:00:00,48.0,29.0,1087.0,,,,10.2,,False,False,False,False,False,0.00016880035,-1.0022125,-2.1205292,284.52686,286.64575,98521.31,97.02792,13.495758,11.376862,985.21313,0.16880035,2.3454368,87.01701,10.2,10.2,10.2,observed
2023-11-26 00:00:00,48.0,29.0,1087.0,,,,9.9,,False,False,False,False,False,0.00010585785,-1.1469574,-2.0238342,284.3108,286.26807,98480.375,100.123245,13.1180725,11.160797,984.8038,0.10585785,2.326245,87.918686,9.9,9.9,9.9,observed
2023-11-26 01:00:00,48.0,29.0,1087.0,,,,9.0,,False,False,False,False,False,0.00018405914,-1.4831848,-1.8852386,284.22217,286.50684,98477.125,102.16647,13.356842,11.072174,984.77124,0.18405914,2.3987417,86.05294,9.0,9.0,9.0,observed
2023-11-26 02:00:00,48.0,29.0,1087.0,,,,8.6,,False,False,False,False,False,0.0001373291,-1.7939453,-2.1811523,284.0083,286.57227,98462.5,114.73758,13.422272,10.858307,984.625,0.1373291,2.824122,84.478836,8.6,8.6,8.6,observed
2023-11-26 03:00:00,48.0,29.0,1087.0,,,,8.2,,False,False,False,False,False,2.002716e-05,-1.4530029,-2.8142548,284.0952,286.41602,98475.375,140.71834,13.266022,10.945221,984.7537,0.02002716,3.1672144,85.83757,8.2,8.2,8.2,observed
2023-11-26 04:00:00,48.0,29.0,1087.0,,,,7.7,,False,False,False,False,False,6.389618e-05,-0.73291016,-3.3535461,284.0481,285.58594,98572.44,152.13258,12.435944,10.898102,985.72437,0.06389618,3.4327,90.34444,7.7,7.7,7.7,observed
2023-11-26 05:00:00,48.0,29.0,1087.0,,,,8.2,,False,False,False,False,False,0.0001296997,-0.53186035,-3.7427826,284.28833,285.66284,98634.94,205.56969,12.512848,11.138336,986.34937,0.1296997,3.780383,91.33433,8.2,8.2,8.2,observed
2023-11-26 06:00:00,48.0,29.0,1087.0,,,,7.5,,False,False,False,False,False,6.198883e-05,-0.5939331,-4.281555,284.64917,285.7461,98718.81,303.72803,12.5961,11.499176,987.1881,0.06198883,4.3225536,93.0334,7.5,7.5,7.5,observed
2023-11-26 07:00:00,48.0,29.0,1087.0,,,,6.2,,False,False,False,False,False,4.7683716e-05,-0.68792725,-5.033661,284.67017,285.83154,98808.875,448.42578,12.681549,11.520172,988.08875,0.047683716,5.0804515,92.64245,6.2,6.2,6.2,observed
2023-11-26 08:00:00,48.0,29.0,1087.0,,,,4.6,,False,False,False,False,False,1.4305115e-06,-0.72517395,-6.172226,283.16333,284.844,98926.375,558.92993,11.694,10.013336,989.26373,0.0014305115,6.2146807,89.43273,4.6,4.6,4.6,observed
2023-11-26 09:00:00,48.0,29.0,1087.0,,,,3.6,,False,False,False,False,False,0.0,-0.69421387,-6.825882,282.16895,284.3103,99053.0,565.36743,11.160309,9.018951,990.53,0.0,6.861093,86.66165,3.6,3.6,3.6,observed
2023-11-26 10:00:00,48.0,29.0,1087.0,,,,3.4,,False,False,False,False,False,0.0,-0.5937805,-7.1259003,280.57812,284.26538,99143.56,551.43994,11.115387,7.428131,991.4356,0.0,7.150596,78.02679,3.4,3.4,3.4,observed
2023-11-26 11:00:00,48.0,29.0,1087.0,,,,3.6,,False,False,False,False,False,0.0,-0.46961975,-6.704895,278.83545,285.90723,99177.375,581.83057,12.757233,5.6854553,991.77374,0.0,6.721321,62.1187,3.6,3.6,3.6,observed
2023-11-26 12:00:00,48.0,29.0,1087.0,,,,3.4,,False,False,False,False,False,0.0,-0.26991272,-6.525543,277.7793,286.68506,99163.44,649.56177,13.535065,4.629303,991.6344,0.0,6.531123,54.862965,3.4,3.4,3.4,observed
2023-11-26 13:00:00,48.0,29.0,1087.0,,,,3.0,,False,False,False,False,False,0.0,-0.09420776,-6.271652,276.76392,286.9773,99093.75,713.2283,13.827301,3.613922,990.9375,0.0,6.27236,50.13128,3.0,3.0,3.0,observed
2023-11-26 14:00:00,48.0,29.0,1087.0,,,,2.7,,False,False,False,False,False,0.0,-0.1328888,-5.9020844,275.55127,287.8252,99060.0,751.6472,14.675201,2.4012756,990.6,0.0,5.90358,43.552868,2.7,2.7,2.7,observed
2023-11-26 15:00:00,48.0,29.0,1087.0,,,,2.5,,False,False,False,False,False,0.0,-0.25894165,-5.492813,274.80078,287.64355,99035.19,771.1196,14.493561,1.6507874,990.35187,0.0,5.4989133,41.76966,2.5,2.5,2.5,observed
2023-11-26 16:00:00,48.0,29.0,1087.0,,,,2.4,,False,False,False,False,False,0.0,-0.6074829,-4.246643,273.85522,286.44507,99098.94,800.82715,13.295074,0.7052307,990.9894,0.0,4.289873,42.183395,2.4,2.4,2.4,observed
2023-11-26 17:00:00,48.0,29.0,1087.0,,,,2.6,,False,False,False,False,False,0.0,-0.50457764,-2.8285217,273.51758,285.57617,99183.75,780.2097,12.426178,0.36758423,991.8375,0.0,2.873175,43.575096,2.6,2.6,2.6,observed
2023-11-26 18:00:00,48.0,29.0,1087.0,,,,3.0,,False,False,False,False,False,0.0,-0.40888977,-2.3828735,273.13672,284.88892,99254.125,571.86694,11.738922,-0.0132751465,992.54126,0.0,2.4177008,44.351067,3.0,3.0,3.0,observed
2023-11-26 19:00:00,48.0,29.0,1087.0,,,,3.6,,False,False,False,False,False,0.0,-0.47724915,-2.519333,273.06836,283.82983,99300.56,438.03052,10.67984,-0.08163452,993.0056,0.0,2.5641384,47.340126,3.6,3.6,3.6,observed
2023-11-26 20:00:00,48.0,29.0,1087.0,,,,3.5,,False,False,False,False,False,0.0,-0.33735657,-2.597824,272.95532,282.35864,99376.25,373.5442,9.208649,-0.19467163,993.7625,0.0,2.6196373,51.811863,3.5,3.5,3.5,observed
2023-11-26 21:00:00,48.0,29.0,1087.0,,,,3.1,,False,False,False,False,False,0.0,-0.42448425,-2.7289429,273.17407,282.01123,99440.5,390.8247,8.861237,0.02407837,994.405,0.0,2.7617595,53.88834,3.1,3.1,3.1,observed
2023-11-26 22:00:00,48.0,29.0,1087.0,,,,3.0,,False,False,False,False,False,0.0,-0.5348358,-2.6193695,273.41675,281.73315,99458.75,347.35498,8.58316,0.26675415,994.5875,0.0,2.6734147,55.884354,3.0,3.0,3.0,observed
2023-11-26 23:00:00,48.0,29.0,1087.0,,,,3.5,,False,False,False,False,False,0.0,-0.39715576,-2.2823334,273.19165,280.93042,99499.44,265.42065,7.780426,0.041656494,994.9944,0.0,2.3166306,58.059288,3.5,3.5,3.5,observed
2023-11-27 00:00:00,48.0,29.0,1087.0,,,,2.9,,False,False,False,False,False,0.0,-0.27671814,-2.1903076,273.0298,280.5061,99518.625,247.55885,7.3561096,-0.12020874,995.1863,0.0,2.2077184,59.066456,2.9,2.9,2.9,observed
2023-11-27 01:00:00,48.0,29.0,1087.0,,,,2.4,,False,False,False,False,False,0.0,-0.4850006,-2.2704163,273.0005,280.81885,99518.06,281.65356,7.6688538,-0.14950562,995.1806,0.0,2.3216407,57.69647,2.4,2.4,2.4,observed
2023-11-27 02:00:00,48.0,29.0,1087.0,,,,2.3,,False,False,False,False,False,0.0,-0.783844,-2.231491,272.16748,279.88794,99509.31,291.69873,6.7379456,-0.9825134,995.09314,0.0,2.3651562,57.869045,2.3,2.3,2.3,observed
2023-11-27 03:00:00,48.0,29.0,1087.0,,,,2.1,,False,False,False,False,False,0.0,-0.98132324,-2.1179962,271.8684,279.18652,99481.44,262.66968,6.0365295,-1.2815857,994.8144,0.0,2.3342886,59.41728,2.1,2.1,2.1,observed
2023-11-27 04:00:00,48.0,29.0,1087.0,,,,2.1,,False,False,False,False,False,0.0,-0.976532,-2.120407,272.20557,279.2954,99498.94,248.11102,6.1454163,-0.9444275,994.9894,0.0,2.3344681,60.44574,2.1,2.1,2.1,observed
2023-11-27 05:00:00,48.0,29.0,1087.0,,,,2.2,,False,False,False,False,False,0.0,-0.9113159,-1.7736664,272.1858,279.44946,99550.5,205.90367,6.299469,-0.9642029,995.505,0.0,1.9940885,59.720757,2.2,2.2,2.2,observed
2023-11-27 06:00:00,48.0,29.0,1087.0,,,,2.2,,False,False,False,False,False,0.0,-0.78541565,-2.1143951,272.0393,279.43237,99608.625,210.98347,6.282379,-1.1106873,996.08624,0.0,2.2555585,59.15393,2.2,2.2,2.2,observed
2023-11-27 07:00:00,48.0,29.0,1087.0,,,,2.1,,False,False,False,False,False,0.0,-1.1669769,-2.523697,272.02148,279.6372,99652.06,274.78516,6.487213,-1.1285095,996.5206,0.0,2.7804463,58.249466,2.1,2.1,2.1,observed
2023-11-27 08:00:00,48.0,29.0,1087.0,,,,2.2,,False,False,False,False,False,0.0,-1.8686066,-2.7671509,272.48022,280.39575,99658.0,344.0432,7.245758,-0.6697693,996.58,0.0,3.338984,57.181038,2.2,2.2,2.2,observed
2023-11-27 09:00:00,48.0,29.0,1087.0,,,,2.5,,False,False,False,False,False,0.0,-2.5917969,-2.7477875,272.7556,281.29712,99680.81,434.55542,8.147125,-0.39437866,996.8081,0.0,3.7772672,54.86447,2.5,2.5,2.5,observed
2023-11-27 10:00:00,48.0,29.0,1087.0,,,,2.6,,False,False,False,False,False,0.0,-2.6964264,-2.6624756,272.51538,282.0703,99731.56,501.25464,8.920319,-0.63461304,997.3156,0.0,3.789392,51.164127,2.6,2.6,2.6,observed
2023-11-27 11:00:00,48.0,29.0,1087.0,,,,2.5,,False,False,False,False,False,0.0,-2.4311829,-2.3567352,272.56494,284.23535,99714.375,574.4365,11.085358,-0.5850525,997.14374,0.0,3.3859787,44.425316,2.5,2.5,2.5,observed
2023-11-27 12:00:00,48.0,29.0,1087.0,,,,2.3,,False,False,False,False,False,0.0,-2.2199402,-1.9709625,272.6184,284.80615,99642.06,633.11035,11.656158,-0.5315857,996.42065,0.0,2.9686408,42.945347,2.3,2.3,2.3,observed
2023-11-27 13:00:00,48.0,29.0,1087.0,,,,2.1,,False,False,False,False,False,0.0,-2.052124,-1.3224487,272.74658,285.51562,99554.31,690.2334,12.365631,-0.40341187,995.54315,0.0,2.4413283,41.36936,2.1,2.1,2.1,observed
2023-11-27 14:00:00,48.0,29.0,1087.0,,,,2.2,,False,False,False,False,False,0.0,-1.8803558,-1.0651398,273.04443,286.47534,99496.31,727.4409,13.325348,-0.1055603,994.96313,0.0,2.1610785,39.701946,2.2,2.2,2.2,observed
2023-11-27 15:00:00,48.0,29.0,1087.0,,,,2.3,,False,False,False,False,False,0.0,-1.6491699,-1.1872864,273.2583,286.15723,99464.125,758.0039,13.007233,0.108306885,994.64124,0.0,2.032095,41.168304,2.3,2.3,2.3,observed
2023-11-27 16:00:00,48.0,29.0,1087.0,,,,2.5,,False,False,False,False,False,0.0,-1.0452881,-1.6876068,272.9436,285.3523,99477.69,833.02734,12.202301,-0.20639038,994.77686,0.0,1.9851055,42.419006,2.5,2.5,2.5,observed
2023-11-27 17:00:00,48.0,29.0,1087.0,,,,2.4,,False,False,False,False,False,0.0,-1.7672272,-0.56422424,273.40186,285.15454,99506.125,619.2427,12.004547,0.25186157,995.0613,0.0,1.8551122,44.426445,2.4,2.4,2.4,observed
2023-11-27 18:00:00,48.0,29.0,1087.0,,,,2.7,,False,False,False,False,False,0.0,-1.703659,0.07217407,274.07593,284.63818,99547.06,323.9265,11.48819,0.92593384,995.47064,0.0,1.7051872,48.25766,2.7,2.7,2.7,observed
2023-11-27 19:00:00,48.0,29.0,1087.0,,,,2.9,,False,False,False,False,False,0.0,-0.37904358,-0.81843567,274.14453,284.6643,99654.375,103.3445,11.514313,0.99453735,996.54376,0.0,0.9019484,48.412766,2.9,2.9,2.9,observed
2023-11-27 20:00:00,48.0,29.0,1087.0,,,,3.6,,False,False,False,False,False,0.0,-0.657135,-0.7855835,274.45264,284.49,99682.81,139.86423,11.339996,1.3026428,996.8281,0.0,1.0241913,50.070335,3.6,3.6,3.6,observed
2023-11-27 21:00:00,48.0,29.0,1087.0,,,,4.3,,False,False,False,False,False,0.0,-1.3339539,-0.06916809,275.40918,284.0598,99660.0,224.60886,10.909821,2.2591858,996.6,0.0,1.3357459,55.164272,4.3,4.3,4.3,observed
2023-11-27 22:00:00,48.0,29.0,1087.0,,,,4.2,,False,False,False,False,False,0.0,-0.99287415,-0.117630005,275.96826,283.98364,99702.25,177.35835,10.833649,2.8182678,997.0225,0.0,0.9998179,57.690163,4.2,4.2,4.2,observed
2023-11-27 23:00:00,48.0,29.0,1087.0,,,,4.2,,False,False,False,False,False,0.0,-0.8985596,-0.6071167,275.81372,284.104,99703.19,224.70158,10.95401,2.6637268,997.03186,0.0,1.0844353,56.60699,4.2,4.2,4.2,observed
2023-11-28 00:00:00,48.0,29.0,1087.0,,,,4.8,,False,False,False,False,False,0.0,-1.5154724,-0.5537262,275.9104,284.73462,99704.75,279.07617,11.584625,2.7604065,997.0475,0.0,1.613465,54.664875,4.8,4.8,4.8,observed
2023-11-28 01:00:00,48.0,29.0,1087.0,,,,4.6,,False,False,False,False,False,0.0,-1.2548828,-0.6932068,276.02905,284.3098,99698.44,268.94775,11.159821,2.8790588,996.9844,0.0,1.4336201,56.69826,4.6,4.6,4.6,observed
2023-11-28 02:00:00,48.0,29.0,1087.0,,,,4.0,,False,False,False,False,False,0.0,-1.2780609,-1.7145996,275.39673,284.21167,99734.81,279.708,11.061676,2.2467346,997.34814,0.0,2.1385255,54.5626,4.0,4.0,4.0,observed
2023-11-28 03:00:00,48.0,29.0,1087.0,,,,4.0,,False,False,False,False,False,0.0,-1.3273468,-2.1010895,275.17236,284.34082,99697.69,310.68872,11.190826,2.0223694,996.97687,0.0,2.4852417,53.23926,4.0,4.0,4.0,observed
2023-11-28 04:00:00,48.0,29.0,1087.0,,,,4.1,,False,False,False,False,False,0.0,-1.0134735,-1.6183167,275.02612,282.84937,99734.0,332.22754,9.699371,1.8761292,997.34,0.0,1.9094704,58.19438,4.1,4.1,4.1,observed
2023-11-28 05:00:00,48.0,29.0,1087.0,,,,4.0,,False,False,False,False,False,0.0,-1.2437134,-1.3755646,274.98462,282.7915,99731.81,329.1609,9.64151,1.8346252,997.3181,0.0,1.8544544,58.247746,4.0,4.0,4.0,observed
2023-11-28 06:00:00,48.0,29.0,1087.0,,,,4.0,,False,False,False,False,False,0.0,-1.5041656,-0.8990936,274.917,282.80322,99756.19,302.03076,9.653229,1.7669983,997.5619,0.0,1.7523937,57.9214,4.0,4.0,4.0,observed
2023-11-28 07:00:00,48.0,29.0,1087.0,,,,4.0,,False,False,False,False,False,0.0,-1.5345001,-0.8507843,274.71948,282.7246,99785.625,313.08618,9.5746155,1.5694885,997.85626,0.0,1.7545725,57.410873,4.0,4.0,4.0,observed
2023-11-28 08:00:00,48.0,29.0,1087.0,,,,4.5,,False,False,False,False,False,0.0,-1.5715942,-0.91918945,274.30054,282.93066,99820.81,332.8479,9.78067,1.1505432,998.2081,0.0,1.820664,54.946995,4.5,4.5,4.5,observed
2023-11-28 09:00:00,48.0,29.0,1087.0,,,,4.2,,False,False,False,False,False,0.0,-1.8016052,-0.6253357,273.9519,283.06958,99898.75,385.50586,9.919586,0.8019104,998.9875,0.0,1.9070464,53.08975,4.2,4.2,4.2,observed
2023-11-28 10:00:00,48.0,29.0,1087.0,,,,5.5,,False,False,False,False,False,0.0,-1.754242,-0.17956543,273.97705,283.5786,99906.81,441.5691,10.428619,0.8270569,999.0681,0.0,1.7634082,51.407684,5.5,5.5,5.5,observed
2023-11-28 11:00:00,48.0,29.0,1087.0,,,,5.0,,False,False,False,False,False,0.0,-1.4078064,0.012527466,273.40942,285.12305,99891.81,528.604,11.973053,0.25942993,998.91815,0.0,1.4078621,44.54308,5.0,5.0,5.0,observed
2023-11-28 12:00:00,48.0,29.0,1087.0,,,,5.0,,False,False,False,False,False,0.0,-1.0529938,0.036331177,273.21167,286.34326,99813.5,615.10693,13.193268,0.061676025,998.135,0.0,1.0536203,40.53408,5.0,5.0,5.0,observed
2023-11-28 13:00:00,48.0,29.0,1087.0,,,,4.7,,False,False,False,False,False,0.0,-0.8643799,0.15412903,272.4934,286.89624,99680.5,676.1892,13.746246,-0.6565857,996.805,0.0,0.87801385,37.11152,4.7,4.7,4.7,observed
2023-11-28 14:00:00,48.0,29.0,1087.0,,,,4.9,,False,False,False,False,False,0.0,-0.6931,0.38883972,272.91284,288.75122,99599.44,766.3489,15.601227,-0.2371521,995.9944,0.0,0.79472256,33.947536,4.9,4.9,4.9,observed
2023-11-28 15:00:00,48.0,29.0,1087.0,,,,4.7,,False,False,False,False,False,0.0,-0.82525635,0.622345,272.6455,288.9729,99542.875,868.7512,15.8229065,-0.5044861,995.4288,0.0,1.0336156,32.824898,4.7,4.7,4.7,observed
2023-11-28 16:00:00,48.0,29.0,1087.0,,,,4.7,,False,False,False,False,False,0.0,-0.5879059,0.8690033,273.08398,288.14453,99454.75,772.6062,14.994537,-0.06600952,994.5475,0.0,1.0491902,35.73687,4.7,4.7,4.7,observed
2023-11-28 17:00:00,48.0,29.0,1087.0,,,,5.9,,False,False,False,False,False,0.0,-0.7509155,0.9348755,274.03247,287.6858,99442.125,130.93866,14.535797,0.8824768,994.42126,0.0,1.1991106,39.421127,5.9,5.9,5.9,observed
2023-11-28 18:00:00,48.0,29.0,1087.0,,,,6.8,,False,False,False,False,False,0.0,-1.0290985,1.5601654,274.76025,285.5813,99449.375,81.71193,12.431305,1.61026,994.4938,0.0,1.8689997,47.633606,6.8,6.8,6.8,observed
2023-11-28 19:00:00,48.0,29.0,1087.0,,,,5.5,,False,False,False,False,False,0.0,-0.8596649,1.9134979,274.6377,284.39697,99478.25,88.443146,11.246979,1.4877014,994.7825,0.0,2.0977364,51.052563,5.5,5.5,5.5,observed
2023-11-28 20:00:00,48.0,29.0,1087.0,,,,7.5,,False,False,False,False,False,0.0,-0.3257599,1.8883362,275.12793,283.13843,99496.81,86.70125,9.988434,1.9779358,994.96814,0.0,1.9162289,57.494755,7.5,7.5,7.5,observed
2023-11-28 21:00:00,48.0,29.0,1087.0,,,,7.7,,False,False,False,False,False,0.0,-0.038360596,2.1886292,275.2776,282.09937,99512.125,74.40184,8.949371,2.127594,995.1213,0.0,2.1889653,62.313145,7.7,7.7,7.7,observed
2023-11-28 22:00:00,48.0,29.0,1087.0,,,,7.7,,False,False,False,False,False,0.0,0.14649963,1.8117523,275.42432,282.16504,99485.75,70.42049,9.015045,2.2743225,994.8575,0.0,1.8176657,62.689484,7.7,7.7,7.7,observed
2023-11-28 23:00:00,48.0,29.0,1087.0,,,,7.6,,False,False,False,False,False,0.0,0.46173096,1.7197723,275.87427,281.74292,99485.94,70.976715,8.592926,2.7242737,994.8594,0.0,1.7806776,66.5978,7.6,7.6,7.6,observed
2023-11-29 00:00:00,48.0,29.0,1087.0,,,,7.5,,False,False,False,False,False,0.0,0.68122864,1.6418152,276.1604,281.1267,99431.25,70.87546,7.976715,3.0104065,994.3125,0.0,1.7775347,70.86169,7.5,7.5,7.5,observed
2023-11-29 01:00:00,48.0,29.0,1087.0,,,,7.0,,False,False,False,False,False,0.0,0.8545532,1.9265289,276.1184,281.92163,99374.875,59.76738,8.771637,2.9684143,993.7488,0.0,2.1075518,66.94608,7.0,7.0,7.0,observed
2023-11-29 02:00:00,48.0,29.0,1087.0,,,,6.7,,False,False,False,False,False,0.0,0.6014862,1.7104034,276.3584,282.2827,99308.875,44.09131,9.132721,3.2084045,993.08875,0.0,1.8130817,66.45329,6.7,6.7,6.7,observed
2023-11-29 03:00:00,48.0,29.0,1087.0,,,,8.1,,False,False,False,False,False,0.0,-0.21498108,1.1001129,276.37915,282.0681,99251.81,32.87993,8.918121,3.2291565,992.5181,0.0,1.1209216,67.52064,8.1,8.1,8.1,observed
2023-11-29 04:00:00,48.0,29.0,1087.0,,,,7.5,,False,False,False,False,False,0.0,0.44129944,-0.34986877,277.36865,282.49976,99222.0,14.870195,9.349762,4.2186584,992.22,0.0,0.5631637,70.31366,7.5,7.5,7.5,observed
2023-11-29 05:00:00,48.0,29.0,1087.0,,,,7.5,,False,False,False,False,False,0.0,0.21356201,-0.6554718,277.1377,282.3191,99196.875,18.417511,9.169098,3.9877014,991.96875,0.0,0.68938524,70.03018,7.5,7.5,7.5,observed
2023-11-29 06:00:00,48.0,29.0,1087.0,,,,7.1,,False,False,False,False,False,0.0,-0.07600403,-0.5917969,276.72998,282.70874,99194.56,20.574142,9.558746,3.5799866,991.9456,0.0,0.5966575,66.291374,7.1,7.1,7.1,observed
2023-11-29 07:00:00,48.0,29.0,1087.0,,,,8.0,,False,False,False,False,False,0.0,-0.4046936,-0.6581421,277.0398,282.59546,99247.625,28.357025,9.445465,3.889801,992.47626,0.0,0.77261114,68.26933,8.0,8.0,8.0,observed
2023-11-29 08:00:00,48.0,29.0,1087.0,,,,7.9,,False,False,False,False,False,0.0,-0.8724518,-0.9024811,277.07422,283.3462,99273.0,47.538223,10.1961975,3.9242249,992.73,0.0,1.2552466,65.077774,7.9,7.9,7.9,observed
2023-11-29 09:00:00,48.0,29.0,1087.0,,,,9.4,,False,False,False,False,False,0.0,-1.5790558,-0.36953735,277.05225,283.9431,99270.56,142.81337,10.793121,3.9022522,992.7056,0.0,1.6217198,62.443424,9.4,9.4,9.4,observed
2023-11-29 10:00:00,48.0,29.0,1087.0,,,,7.3,,False,False,False,False,False,0.0,-2.1396942,-0.037597656,277.19482,284.80786,99257.81,252.20374,11.657867,4.0448303,992.5781,0.0,2.1400247,59.55945,7.3,7.3,7.3,observed
2023-11-29 11:00:00,48.0,29.0,1087.0,,,,5.8,,False,False,False,False,False,0.0,-2.27919,0.3247223,278.25,286.6819,99198.44,353.8369,13.531891,5.100006,991.9844,0.0,2.3022058,56.70449,5.8,5.8,5.8,observed
2023-11-29 12:00:00,48.0,29.0,1087.0,,,,5.1,,False,False,False,False,False,1.9073486e-06,-2.325943,0.70747375,279.4851,287.03247,99101.19,462.36963,13.882477,6.3351135,991.0119,0.0019073486,2.431158,60.37473,5.1,5.1,5.1,observed
2023-11-29 13:00:00,48.0,29.0,1087.0,,,,5.5,,False,False,False,False,False,7.1525574e-06,-2.4832458,1.0854492,280.8662,287.6836,98968.56,539.2688,14.5336,7.716217,989.6856,0.0071525574,2.7101126,63.626606,5.5,5.5,5.5,observed
2023-11-29 14:00:00,48.0,29.0,1087.0,,,,5.6,,False,False,False,False,False,1.2874603e-05,-2.3265533,1.3042145,282.73706,288.71436,98863.25,573.4341,15.564362,9.587067,988.6325,0.012874603,2.6671755,67.57593,5.6,5.6,5.6,observed
2023-11-29 15:00:00,48.0,29.0,1087.0,,,,5.5,,False,False,False,False,False,6.1035156e-05,-2.2841187,1.3301239,283.25464,288.5642,98781.5,603.4026,15.414215,10.104645,987.815,0.061035156,2.6431851,70.636215,5.5,5.5,5.5,observed
2023-11-29 16:00:00,48.0,29.0,1087.0,,,,5.7,,False,False,False,False,False,3.2901764e-05,-1.3473511,0.24554443,284.34204,288.41235,98746.875,279.1543,15.26236,11.192047,987.46875,0.032901764,1.3695426,76.68171,5.7,5.7,5.7,observed
2023-11-29 17:00:00,48.0,29.0,1087.0,,,,6.2,,False,False,False,False,False,9.4890594e-05,-1.688385,0.004714966,284.63184,288.2959,98687.625,231.12033,15.145905,11.481842,986.8762,0.094890594,1.6883916,78.75387,6.2,6.2,6.2,observed
2023-11-29 18:00:00,48.0,29.0,1087.0,,,,6.6,,False,False,False,False,False,0.00032138824,-1.9775391,0.07521057,285.15356,288.01807,98654.56,198.9615,14.8680725,12.003571,986.54565,0.32138824,1.9789687,82.982376,6.6,6.6,6.6,observed
2023-11-29 19:00:00,48.0,29.0,1087.0,,,,5.8,,False,False,False,False,False,0.0007195473,-2.7000885,0.713562,285.69434,288.06763,98613.81,308.7412,14.917633,12.544342,986.1381,0.7195473,2.792785,85.71035,5.8,5.8,5.8,observed
2023-11-29 20:00:00,48.0,29.0,1087.0,,,,4.5,,False,False,False,False,False,1.9073486e-05,-2.849533,1.7940674,285.85352,287.708,98584.81,417.12524,14.558014,12.703522,985.84814,0.019073486,3.3672714,88.64039,4.5,4.5,4.5,observed
2023-11-29 21:00:00,48.0,29.0,1087.0,,,,4.3,,False,False,False,False,False,7.05719e-05,-2.5883942,2.344284,285.75073,287.43433,98591.19,454.08984,14.284332,12.600739,985.91187,0.0705719,3.4921987,89.616486,4.3,4.3,4.3,observed
2023-11-29 22:00:00,48.0,29.0,1087.0,,,,5.0,,False,False,False,False,False,0.00028133392,-2.4228058,2.328827,285.80273,287.44897,98540.25,429.9563,14.298981,12.6527405,985.4025,0.28133392,3.3605688,89.837234,5.0,5.0,5.0,observed
2023-11-29 23:00:00,48.0,29.0,1087.0,,,,4.5,,False,False,False,False,False,0.00060749054,-2.147644,2.0052643,286.27856,287.1775,98502.81,361.8191,14.027496,13.128571,985.02814,0.60749054,2.9382749,94.32034,4.5,4.5,4.5,observed
2023-11-30 00:00:00,48.0,29.0,1087.0,,,,4.9,,False,False,False,False,False,0.000749588,-2.0979004,1.4702911,286.71338,287.18042,98408.5,266.1045,14.030426,13.563385,984.085,0.749588,2.561824,97.0127,4.9,4.9,4.9,observed
2023-11-30 01:00:00,48.0,29.0,1087.0,,,,5.3,,False,False,False,False,False,0.0006070137,-2.295639,1.2067261,287.14648,287.61182,98283.44,248.23567,14.4618225,13.9964905,982.83435,0.6070137,2.5934815,97.03331,5.3,5.3,5.3,observed
2023-11-30 02:00:00,48.0,29.0,1087.0,,,,3.5,,False,False,False,False,False,0.0006556511,-2.1613312,1.266037,287.92554,287.927,98203.0,250.79865,14.777008,14.775543,982.03,0.6556511,2.5048356,99.990555,3.5,3.5,3.5,observed
2023-11-30 03:00:00,48.0,29.0,1087.0,,,,2.8,,False,False,False,False,False,0.000682354,-1.6141815,1.1555328,288.28345,288.2832,98128.125,194.49635,15.133209,15.133453,981.28125,0.682354,1.9851544,100.001564,2.8,2.8,2.8,observed
2023-11-30 04:00:00,48.0,29.0,1087.0,,,,2.9,,False,False,False,False,False,0.0005121231,-2.8119202,1.359375,288.47803,288.48608,97985.44,247.94876,15.33609,15.328033,979.8544,0.5121231,3.1232667,99.948326,2.9,2.9,2.9,observed
2023-11-30 05:00:00,48.0,29.0,1087.0,,,,2.6,,False,False,False,False,False,0.00055503845,-1.987381,2.0200806,288.81104,288.81055,97926.375,230.3309,15.660553,15.661041,979.26373,0.55503845,2.8337977,100.00312,2.6,2.6,2.6,observed
2023-11-30 06:00:00,48.0,29.0,1087.0,,,,1.8,,False,False,False,False,False,0.0004606247,-1.4835663,2.0032196,289.10132,289.10815,97880.31,193.95488,15.95816,15.951324,978.8031,0.4606247,2.4927611,99.95635,1.8,1.8,1.8,observed
2023-11-30 07:00:00,48.0,29.0,1087.0,,,,2.2,,False,False,False,False,False,0.0003042221,-0.9513855,2.2529907,289.29028,289.48193,97852.375,186.75096,16.33194,16.14029,978.52374,0.3042221,2.4456291,98.78621,2.2,2.2,2.2,observed
2023-11-30 08:00:00,48.0,29.0,1087.0,,,,1.9,,False,False,False,False,False,0.00029277802,-0.40911865,2.498413,290.01758,290.32983,97842.0,186.37776,17.17984,16.867584,978.42,0.29277802,2.5316882,98.04174,1.9,1.9,1.9,observed
2023-11-30 09:00:00,48.0,29.0,1087.0,,,,2.7,,False,False,False,False,False,0.00037956238,-0.5513916,2.4783325,290.85474,290.8628,97808.06,225.40305,17.7128,17.704742,978.0806,0.37956238,2.53893,99.94926,2.7,2.7,2.7,observed
2023-11-30 10:00:00,48.0,29.0,1087.0,,,,2.7,,False,False,False,False,False,0.00040626526,0.11930847,2.9780426,291.26465,291.27344,97788.69,282.39917,18.123444,18.114655,977.8869,0.40626526,2.9804316,99.94481,2.7,2.7,2.7,observed
2023-11-30 11:00:00,48.0,29.0,1087.0,,,,1.4,,False,False,False,False,False,0.00028133392,1.497345,3.2220001,291.80542,292.01978,97785.75,250.28516,18.869781,18.655426,977.8575,0.28133392,3.5529323,98.669266,1.4,1.4,1.4,observed
2023-11-30 12:00:00,48.0,29.0,1087.0,,,,1.6,,False,False,False,False,False,0.0003399849,2.5045319,3.2231903,291.83423,292.25,97694.625,296.3037,19.100006,18.684235,976.9462,0.3399849,4.0818667,97.43752,1.6,1.6,1.6,observed
2023-11-30 13:00:00,48.0,29.0,1087.0,,,,1.2,,False,False,False,False,False,0.0002632141,2.9424133,3.146164,291.99756,292.60742,97587.25,508.4641,19.457428,18.847565,975.8725,0.2632141,4.3076844,96.27117,1.2,1.2,1.2,observed
2023-11-30 14:00:00,48.0,29.0,1087.0,,,,1.5,,False,False,False,False,False,9.393692e-05,3.342636,2.9653015,291.33252,293.49463,97515.0,600.3269,20.344635,18.182526,975.15,0.09393692,4.4683585,87.40552,1.5,1.5,1.5,observed
2023-11-30 15:00:00,48.0,29.0,1087.0,,,,2.0,,False,False,False,False,False,1.3828278e-05,2.794571,1.8599243,291.0669,294.04712,97489.0,644.14404,20.897125,17.9169,974.89,0.013828278,3.356925,83.08156,2.0,2.0,2.0,observed
2023-11-30 16:00:00,48.0,29.0,1087.0,,,,2.3,,False,False,False,False,False,2.3841858e-06,1.77948,1.6325073,290.2124,292.92285,97485.44,521.8594,19.772858,17.062408,974.8544,0.0023841858,2.4148765,84.37941,2.3,2.3,2.3,observed
2023-11-30 17:00:00,48.0,29.0,1087.0,,,,2.5,,False,False,False,False,False,0.0,2.087326,1.761734,289.94385,292.53027,97543.75,404.3059,19.38028,16.793854,975.4375,0.0,2.7314167,85.002884,2.5,2.5,2.5,observed
2023-11-30 18:00:00,48.0,29.0,1087.0,,,,3.0,,False,False,False,False,False,0.0,1.7839355,1.5852051,289.84253,291.3496,97587.625,168.3891,18.199615,16.692535,975.8762,0.0,2.386483,90.92426,3.0,3.0,3.0,observed
2023-11-30 19:00:00,48.0,29.0,1087.0,,,,3.3,,False,False,False,False,False,0.0,1.9173889,1.4895935,289.4287,290.73096,97671.5,117.65042,17.580963,16.278717,976.715,0.0,2.4280174,92.07758,3.3,3.3,3.3,observed
2023-11-30 20:00:00,48.0,29.0,1087.0,,,,4.1,,False,False,False,False,False,0.0,1.8398438,1.261383,288.45947,289.11133,97715.125,88.556656,15.961334,15.309479,977.15125,0.0,2.23072,95.912865,4.1,4.1,4.1,observed
2023-11-30 21:00:00,48.0,29.0,1087.0,,,,3.3,,False,False,False,False,False,0.0,1.917633,0.55856323,287.92407,288.3623,97801.625,62.817444,15.212311,14.774078,978.01624,0.0,1.9973255,97.21994,3.3,3.3,3.3,observed
2023-11-30 22:00:00,48.0,29.0,1087.0,,,,3.7,,False,False,False,False,False,0.0,1.8106842,-0.21781921,287.96606,288.2583,97839.5,50.438736,15.108307,14.816071,978.395,0.0,1.8237387,98.13698,3.7,3.7,3.7,observed
2023-11-30 23:00:00,48.0,29.0,1087.0,,,,3.4,,False,False,False,False,False,0.0,1.4744415,-0.70925903,286.9995,287.2173,97900.5,35.807373,14.067291,13.849518,979.005,0.0,1.636162,98.59754,3.4,3.4,3.4,observed
2023-12-01 00:00:00,48.0,29.0,1087.0,,,,3.5,,False,False,False,False,False,0.0,1.1931,-0.6809387,286.49756,286.49683,97932.69,29.799835,13.346832,13.347565,979.3269,0.0,1.3737413,100.00477,3.5,3.5,3.5,observed
2023-12-01 01:00:00,48.0,29.0,1087.0,,,,3.1,,False,False,False,False,False,0.0,1.8369141,-1.3857574,286.55444,286.55493,97948.69,37.004166,13.404938,13.404449,979.4869,0.0,2.3009949,99.99681,3.1,3.1,3.1,observed
2023-12-01 02:00:00,48.0,29.0,1087.0,,,,3.1,,False,False,False,False,False,0.0,1.5114899,-2.3455353,285.45142,286.0022,97920.25,43.934464,12.852203,12.301422,979.2025,0.0,2.7903652,96.45357,3.1,3.1,3.1,observed
2023-12-01 03:00:00,48.0,29.0,1087.0,,,,3.5,,False,False,False,False,False,0.0,1.313034,-2.7945251,285.2141,285.98438,97896.625,49.245956,12.834381,12.064117,978.96625,0.0,3.0876253,95.070854,3.5,3.5,3.5,observed
2023-12-01 04:00:00,48.0,29.0,1087.0,,,,3.4,,False,False,False,False,False,0.0,1.3567352,-2.837494,284.9724,285.2622,97930.75,65.648224,12.112213,11.822418,979.3075,0.0,3.1451712,98.10916,3.4,3.4,3.4,observed
2023-12-01 05:00:00,48.0,29.0,1087.0,,,,3.3,,False,False,False,False,False,0.0,1.2653351,-2.7860565,284.4939,284.92627,97934.19,71.51698,11.776276,11.343903,979.34186,0.0,3.059932,97.18319,3.3,3.3,3.3,observed
2023-12-01 06:00:00,48.0,29.0,1087.0,,,,3.6,,False,False,False,False,False,0.0,0.75920105,-3.0614624,284.46997,285.40894,97943.0,80.081894,12.258942,11.319977,979.43,0.0,3.1541939,93.9941,3.6,3.6,3.6,observed
2023-12-01 07:00:00,48.0,29.0,1087.0,,,,4.3,,False,False,False,False,False,9.536743e-07,0.69441223,-3.3433228,284.2744,285.64038,98006.19,100.124664,12.490387,11.12442,980.0619,0.0009536743,3.4146764,91.38464,4.3,4.3,4.3,observed
2023-12-01 08:00:00,48.0,29.0,1087.0,,,,5.5,,False,False,False,False,False,0.0,0.5732727,-3.8957062,283.92627,286.6709,98065.44,164.29588,13.520905,10.776276,980.65436,0.0,3.9376602,83.481674,5.5,5.5,5.5,observed
2023-12-01 09:00:00,48.0,29.0,1087.0,,,,5.8,,False,False,False,False,False,0.0,0.20394897,-4.3279266,283.88843,288.1499,98163.69,240.31535,14.999908,10.738434,981.6369,0.0,4.3327293,75.67241,5.8,5.8,5.8,observed
2023-12-01 10:00:00,48.0,29.0,1087.0,,,,5.8,,False,False,False,False,False,0.0,-0.41329956,-4.2166443,282.0747,289.82446,98213.875,280.14868,16.674469,8.924713,982.13873,0.0,4.2368507,60.212326,5.8,5.8,5.8,observed
2023-12-01 11:00:00,48.0,29.0,1087.0,,,,6.3,,False,False,False,False,False,0.0,-0.97691345,-3.4033813,280.99268,292.2373,98221.56,336.1704,19.08731,7.842682,982.21564,0.0,3.5408142,48.073708,6.3,6.3,6.3,observed
2023-12-01 12:00:00,48.0,29.0,1087.0,,,,6.4,,False,False,False,False,False,0.0,-1.2656708,-2.886261,281.07812,293.16846,98191.25,423.97388,20.018463,7.928131,981.9125,0.0,3.1515749,45.636326,6.4,6.4,6.4,observed
2023-12-01 13:00:00,48.0,29.0,1087.0,,,,5.7,,False,False,False,False,False,0.0,-1.435852,-2.669159,280.99854,293.97534,98101.19,509.96948,20.825348,7.8485413,981.0119,0.0,3.0308547,43.18506,5.7,5.7,5.7,observed
2023-12-01 14:00:00,48.0,29.0,1087.0,,,,5.2,,False,False,False,False,False,0.0,-1.6809998,-2.5272522,281.03662,295.3103,98040.125,547.6155,22.160309,7.886627,980.40125,0.0,3.0352535,39.899666,5.2,5.2,5.2,observed
2023-12-01 15:00:00,48.0,29.0,1087.0,,,,4.1,,False,False,False,False,False,0.0,-1.9968262,-2.1669006,281.41602,295.29932,97975.125,566.07983,22.149323,8.266022,979.7512,0.0,2.9466546,40.968723,4.1,4.1,4.1,observed
2023-12-01 16:00:00,48.0,29.0,1087.0,,,,4.0,,False,False,False,False,False,0.0,-2.123886,-1.0986633,282.53418,293.76465,97958.625,550.2219,20.614655,9.384186,979.58624,0.0,2.3912244,48.53749,4.0,4.0,4.0,observed
2023-12-01 17:00:00,48.0,29.0,1087.0,,,,6.3,,False,False,False,False,False,0.0,-1.6322021,-0.9658356,282.6184,292.30127,97982.94,220.59569,19.151276,9.468414,979.82935,0.0,1.8965554,53.44627,6.3,6.3,6.3,observed
2023-12-01 18:00:00,48.0,29.0,1087.0,,,,7.0,,False,False,False,False,False,0.0,-2.1991425,-1.1953735,283.16406,290.70288,98027.19,116.10808,17.552887,10.014069,980.27185,0.0,2.5030272,61.280735,7.0,7.0,7.0,observed
2023-12-01 19:00:00,48.0,29.0,1087.0,,,,6.6,,False,False,False,False,False,0.0,-2.5487976,-1.4214935,282.8589,289.74512,98073.5,168.29994,16.595123,9.708893,980.735,0.0,2.9183922,63.794308,6.6,6.6,6.6,observed
2023-12-01 20:00:00,48.0,29.0,1087.0,,,,6.2,,False,False,False,False,False,0.0,-1.7860565,-1.712204,281.9817,288.09863,98128.06,148.07428,14.948639,8.831696,981.28064,0.0,2.4741948,66.81531,6.2,6.2,6.2,observed
2023-12-01 21:00:00,48.0,29.0,1087.0,,,,5.7,,False,False,False,False,False,0.0,-1.3260498,-2.051834,281.6687,287.52612,98203.81,118.5952,14.376129,8.518707,982.03815,0.0,2.4430373,67.87719,5.7,5.7,5.7,observed
2023-12-01 22:00:00,48.0,29.0,1087.0,,,,5.7,,False,False,False,False,False,0.0,-1.4351501,-2.183426,281.35132,286.78467,98277.69,125.39815,13.634674,8.201324,982.77686,0.0,2.6128538,69.70409,5.7,5.7,5.7,observed
2023-12-01 23:00:00,48.0,29.0,1087.0,,,,5.6,,False,False,False,False,False,0.0,-1.7733765,-2.3615112,280.63037,285.70825,98287.625,156.72835,12.558258,7.480377,982.8762,0.0,2.9532354,71.198784,5.6,5.6,5.6,observed
2023-12-02 00:00:00,48.0,29.0,1087.0,,,,5.8,,False,False,False,False,False,0.0,-1.9548035,-2.595398,279.96436,284.86328,98258.625,188.26396,11.713287,6.8143616,982.58624,0.0,3.2492073,71.91492,5.8,5.8,5.8,observed
2023-12-02 01:00:00,48.0,29.0,1087.0,,,,5.7,,False,False,False,False,False,0.0,-2.0038757,-2.7563934,279.67578,284.95654,98198.125,190.6706,11.806549,6.5257874,981.98126,0.0,3.4078178,70.070816,5.7,5.7,5.7,observed
2023-12-02 02:00:00,48.0,29.0,1087.0,,,,5.5,,False,False,False,False,False,0.0,-2.280075,-2.6821594,279.20068,284.44385,98161.5,178.20338,11.293854,6.0506897,981.615,0.0,3.5203297,70.15113,5.5,5.5,5.5,observed
2023-12-02 03:00:00,48.0,29.0,1087.0,,,,5.6,,False,False,False,False,False,0.0,-2.7280731,-2.5351868,278.5105,283.81177,98090.75,182.54381,10.661774,5.360504,980.9075,0.0,3.724185,69.74401,5.6,5.6,5.6,observed
2023-12-02 04:00:00,48.0,29.0,1087.0,,,,5.3,,False,False,False,False,False,0.0,-2.1324463,-2.4351654,278.3098,283.26758,98118.75,179.35603,10.117584,5.1598206,981.1875,0.0,3.2368748,71.320435,5.3,5.3,5.3,observed
2023-12-02 05:00:00,48.0,29.0,1087.0,,,,5.5,,False,False,False,False,False,0.0,-0.9344635,-2.0854187,278.3098,282.61133,98167.625,120.94873,9.461334,5.1598206,981.6763,0.0,2.2852118,74.526855,5.5,5.5,5.5,observed
2023-12-02 06:00:00,48.0,29.0,1087.0,,,,6.1,,False,False,False,False,False,0.0,0.7099762,-1.2686157,278.44287,282.614,98235.625,50.587402,9.46402,5.292877,982.35626,0.0,1.4537716,75.20565,6.1,6.1,6.1,observed
2023-12-02 07:00:00,48.0,29.0,1087.0,,,,6.0,,False,False,False,False,False,0.0,0.8362274,-1.014801,278.60425,282.82568,98321.375,35.81703,9.67569,5.454254,983.21375,0.0,1.3149514,74.979836,6.0,6.0,6.0,observed
2023-12-02 08:00:00,48.0,29.0,1087.0,,,,5.7,,False,False,False,False,False,0.0,1.0424652,-2.0746155,279.58228,284.2246,98345.875,54.89305,11.0746155,6.4322815,983.45874,0.0,2.3218017,73.07504,5.7,5.7,5.7,observed
2023-12-02 09:00:00,48.0,29.0,1087.0,,,,5.8,,False,False,False,False,False,0.0,1.039978,-1.9562988,280.70068,285.62256,98431.375,113.44211,12.472565,7.5506897,984.3137,0.0,2.2155495,71.94443,5.8,5.8,5.8,observed
2023-12-02 10:00:00,48.0,29.0,1087.0,,,,6.5,,False,False,False,False,False,0.0,1.169693,-1.669632,281.08105,287.31958,98486.25,212.86491,14.169586,7.931061,984.8625,0.0,2.0385907,66.1015,6.5,6.5,6.5,observed
2023-12-02 11:00:00,48.0,29.0,1087.0,,,,6.3,,False,False,False,False,False,0.0,1.3939056,-1.3322296,282.2898,290.53516,98477.44,354.47192,17.385162,9.139801,984.77435,0.0,1.928162,58.402992,6.3,6.3,6.3,observed
2023-12-02 12:00:00,48.0,29.0,1087.0,,,,6.0,,False,False,False,False,False,0.0,1.94487,-1.0559845,283.19775,291.6985,98438.69,551.3528,18.548492,10.04776,984.3869,0.0,2.2130573,57.6942,6.0,6.0,6.0,observed
2023-12-02 13:00:00,48.0,29.0,1087.0,,,,7.4,,False,False,False,False,False,9.536743e-07,2.2219238,-0.8717346,284.23096,292.97266,98342.25,717.6904,19.822662,11.080963,983.4225,0.0009536743,2.386811,57.088108,7.4,7.4,7.4,observed
2023-12-02 14:00:00,48.0,29.0,1087.0,,,,7.4,,False,False,False,False,False,0.0,2.5325928,-1.009491,284.13574,294.89673,98294.81,941.01025,21.746735,10.985748,982.9481,0.0,2.7263708,50.393562,7.4,7.4,7.4,observed
2023-12-02 15:00:00,48.0,29.0,1087.0,,,,5.9,,False,False,False,False,False,0.0,2.9101257,-1.5927887,283.6411,295.3042,98275.25,1089.0718,22.154205,10.491119,982.7525,0.0,3.3175004,47.56552,5.9,5.9,5.9,observed
2023-12-02 16:00:00,48.0,29.0,1087.0,,,,5.8,,False,False,False,False,False,0.0,1.5226593,-0.78538513,282.8628,293.63745,98285.69,736.96216,20.487457,9.712799,982.8569,0.0,1.7132779,50.010925,5.8,5.8,5.8,observed
2023-12-02 17:00:00,48.0,29.0,1087.0,,,,5.9,,False,False,False,False,False,0.0,1.2732086,0.56185913,284.81128,291.76855,98295.69,51.0782,18.61856,11.661285,982.95685,0.0,1.3916702,63.94304,5.9,5.9,5.9,observed
2023-12-02 18:00:00,48.0,29.0,1087.0,,,,6.8,,False,False,False,False,False,0.0,1.4451904,1.653595,283.30054,289.5244,98358.94,37.107086,16.37442,10.150543,983.58936,0.0,2.196122,66.63724,6.8,6.8,6.8,observed
2023-12-02 19:00:00,48.0,29.0,1087.0,,,,10.3,,False,False,False,False,False,0.0,2.5565643,1.1462708,283.167,288.82275,98417.06,42.73015,15.67276,10.016998,984.17065,0.0,2.8017776,69.0699,10.3,10.3,10.3,observed
2023-12-02 20:00:00,48.0,29.0,1087.0,,,,11.4,,False,False,False,False,False,0.0,2.3443604,-0.25135803,282.1245,286.52295,98473.125,52.144608,13.372955,8.974518,984.73126,0.0,2.357797,74.70914,11.4,11.4,11.4,observed
2023-12-02 21:00:00,48.0,29.0,1087.0,,,,11.2,,False,False,False,False,False,0.0,2.5686493,-1.4376373,281.6018,286.58862,98553.625,69.712845,13.438629,8.451813,985.53625,0.0,2.9435966,71.808075,11.2,11.2,11.2,observed
2023-12-02 22:00:00,48.0,29.0,1087.0,,,,6.1,,False,False,False,False,False,0.0,2.526474,-2.1902466,280.43408,285.83545,98607.56,98.34967,12.685455,7.284088,986.0756,0.0,3.3436882,69.667366,6.1,6.1,6.1,observed
2023-12-02 23:00:00,48.0,29.0,1087.0,,,,6.3,,False,False,False,False,False,0.0,2.2821045,-2.5082092,278.7268,284.10522,98669.875,109.46629,10.955231,5.5768127,986.6987,0.0,3.3910346,69.4306,6.3,6.3,6.3,observed
2023-12-03 00:00:00,48.0,29.0,1087.0,,,,4.1,,False,False,False,False,False,0.0,2.104126,-2.5170135,276.61768,283.54663,98665.875,105.58324,10.396637,3.467682,986.65875,0.0,3.2806559,62.182987,4.1,4.1,4.1,observed
2023-12-03 01:00:00,48.0,29.0,1087.0,,,,2.9,,False,False,False,False,False,0.0,1.9718628,-2.6481323,276.21558,283.52124,98668.94,108.32889,10.371246,3.0655823,986.6894,0.0,3.3016431,60.544785,2.9,2.9,2.9,observed
2023-12-03 02:00:00,48.0,29.0,1087.0,,,,2.6,,False,False,False,False,False,0.0,1.7509003,-2.594986,275.11914,282.7749,98653.31,106.11719,9.624908,1.9691467,986.53314,0.0,3.130432,58.875423,2.6,2.6,2.6,observed
2023-12-03 03:00:00,48.0,29.0,1087.0,,,,2.7,,False,False,False,False,False,0.0,1.592392,-2.4116364,274.46338,281.7871,98636.375,90.841934,8.6371155,1.313385,986.3638,0.0,2.8899312,60.04202,2.7,2.7,2.7,observed
2023-12-03 04:00:00,48.0,29.0,1087.0,,,,2.7,,False,False,False,False,False,0.0,1.0981445,-2.5832977,273.8142,280.59326,98631.81,87.912964,7.443268,0.6642151,986.3181,0.0,2.8070178,62.144917,2.7,2.7,2.7,observed
2023-12-03 05:00:00,48.0,29.0,1087.0,,,,2.7,,False,False,False,False,False,0.0,0.9462433,-2.4613342,274.5359,280.87598,98629.81,83.17868,7.7259827,1.3858948,986.2981,0.0,2.636957,64.205315,2.7,2.7,2.7,observed
2023-12-03 06:00:00,48.0,29.0,1087.0,,,,2.7,,False,False,False,False,False,0.0,1.0494537,-2.1983185,274.87866,280.7295,98693.25,72.62738,7.5794983,1.7286682,986.9325,0.0,2.4359715,66.46079,2.7,2.7,2.7,observed
2023-12-03 07:00:00,48.0,29.0,1087.0,,,,2.7,,False,False,False,False,False,0.0,1.2675934,-2.0177155,275.33447,280.7234,98797.0,61.92787,7.573395,2.1844788,987.97,0.0,2.3828487,68.68683,2.7,2.7,2.7,observed
2023-12-03 08:00:00,48.0,29.0,1087.0,,,,2.8,,False,False,False,False,False,0.0,1.5422516,-2.039688,276.43018,281.91187,98844.25,58.519775,8.761871,3.280182,988.4425,0.0,2.557121,68.48304,2.8,2.8,2.8,observed
2023-12-03 09:00:00,48.0,29.0,1087.0,,,,3.1,,False,False,False,False,False,0.0,1.7031708,-1.4260254,277.6101,284.37964,98918.25,63.403503,11.229645,4.4601135,989.1825,0.0,2.2213373,63.07901,3.1,3.1,3.1,observed
2023-12-03 10:00:00,48.0,29.0,1087.0,,,,2.9,,False,False,False,False,False,0.0,1.1366272,0.008911133,279.35913,287.81787,98946.56,83.829575,14.667877,6.209137,989.46564,0.0,1.1366621,56.887554,2.9,2.9,2.9,observed
2023-12-03 11:00:00,48.0,29.0,1087.0,,,,3.0,,False,False,False,False,False,0.0,1.0492401,1.4111328,280.24805,292.4087,98914.875,195.7313,19.258698,7.098053,989.14874,0.0,1.7584654,45.206024,3.0,3.0,3.0,observed
2023-12-03 12:00:00,48.0,29.0,1087.0,,,,2.8,,False,False,False,False,False,0.0,1.2727966,3.007141,278.50928,294.15552,98838.125,467.97925,21.005524,5.3592834,988.3812,0.0,3.265411,35.992798,2.8,2.8,2.8,observed
2023-12-03 13:00:00,48.0,29.0,1087.0,,,,2.5,,False,False,False,False,False,0.0,1.7731018,3.5282745,277.19092,294.59033,98673.56,651.489,21.440338,4.040924,986.7356,0.0,3.948748,31.964773,2.5,2.5,2.5,observed
2023-12-03 14:00:00,48.0,29.0,1087.0,,,,2.8,,False,False,False,False,False,0.0,2.445282,3.2160797,276.26904,295.67676,98597.94,782.8972,22.526764,3.119049,985.9794,0.0,4.0401206,28.034882,2.8,2.8,2.8,observed
2023-12-03 15:00:00,48.0,29.0,1087.0,,,,2.3,,False,False,False,False,False,0.0,2.7076874,3.4381866,275.99194,295.81396,98516.75,809.3799,22.66397,2.8419495,985.1675,0.0,4.3763795,27.262419,2.3,2.3,2.3,observed
2023-12-03 16:00:00,48.0,29.0,1087.0,,,,2.0,,False,False,False,False,False,0.0,1.9806366,2.573227,278.37158,293.93335,98460.625,643.7124,20.783356,5.221588,984.60626,0.0,3.247217,36.140556,2.0,2.0,2.0,observed
2023-12-03 17:00:00,48.0,29.0,1087.0,,,,2.4,,False,False,False,False,False,0.0,1.7055664,2.4660187,278.3545,292.95435,98509.125,231.5528,19.804352,5.2044983,985.09125,0.0,2.998367,38.34804,2.4,2.4,2.4,observed
2023-12-03 18:00:00,48.0,29.0,1087.0,,,,3.2,,False,False,False,False,False,0.0,2.0199127,2.618637,279.1482,290.56958,98531.06,163.30731,17.419586,5.9981995,985.3106,0.0,3.30716,47.03599,3.2,3.2,3.2,observed
2023-12-03 19:00:00,48.0,29.0,1087.0,,,,4.6,,False,False,False,False,False,0.0,2.3390656,2.623764,278.35693,289.25635,98525.31,161.12915,16.106354,5.2069397,985.2531,0.0,3.5150201,48.396633,4.6,4.6,4.6,observed
2023-12-03 20:00:00,48.0,29.0,1087.0,,,,4.1,,False,False,False,False,False,0.0,2.594757,2.213272,278.14673,287.02197,98547.875,150.53261,13.871979,4.9967346,985.47876,0.0,3.4104748,55.067806,4.1,4.1,4.1,observed
2023-12-03 21:00:00,48.0,29.0,1087.0,,,,4.6,,False,False,False,False,False,0.0,2.7543488,2.2303772,278.05737,285.38477,98580.56,157.25378,12.234772,4.907379,985.8056,0.0,3.544153,60.902615,4.6,4.6,4.6,observed
2023-12-03 22:00:00,48.0,29.0,1087.0,,,,4.8,,False,False,False,False,False,0.0,2.7850647,1.6756134,278.3313,285.65698,98630.31,144.5283,12.506989,5.181305,986.3031,0.0,3.2502718,60.97515,4.8,4.8,4.8,observed
2023-12-03 23:00:00,48.0,29.0,1087.0,,,,3.9,,False,False,False,False,False,0.0,2.903534,1.3873444,277.97192,284.33032,98667.75,134.30602,11.180328,4.82193,986.6775,0.0,3.2179549,64.90474,3.9,3.9,3.9,observed
2023-12-04 00:00:00,48.0,29.0,1087.0,,,,3.6,,False,False,False,False,False,0.0,3.0680084,1.138443,278.1421,284.29907,98645.125,140.15363,11.149078,4.992096,986.45123,0.0,3.2724195,65.81507,3.6,3.6,3.6,observed
2023-12-04 01:00:00,48.0,29.0,1087.0,,,,3.3,,False,False,False,False,False,0.0,3.1928253,0.42308044,278.27905,284.469,98659.25,133.7893,11.319,5.129059,986.5925,0.0,3.2207346,65.701546,3.3,3.3,3.3,observed
2023-12-04 02:00:00,48.0,29.0,1087.0,,,,3.0,,False,False,False,False,False,0.0,3.1542053,-0.024505615,277.98267,283.9021,98645.875,125.76886,10.752106,4.832672,986.45874,0.0,3.1543005,66.82654,3.0,3.0,3.0,observed
2023-12-04 03:00:00,48.0,29.0,1087.0,,,,3.2,,False,False,False,False,False,0.0,2.9675903,-0.49728394,278.3938,284.5354,98670.31,109.56502,11.3854065,5.243805,986.7031,0.0,3.0089672,65.93728,3.2,3.2,3.2,observed
2023-12-04 04:00:00,48.0,29.0,1087.0,,,,3.0,,False,False,False,False,False,0.0,2.2374115,-1.9319,277.52563,282.14673,98697.69,85.25984,8.996735,4.375641,986.97687,0.0,2.9560528,72.80109,3.0,3.0,3.0,observed
2023-12-04 05:00:00,48.0,29.0,1087.0,,,,2.9,,False,False,False,False,False,0.0,1.064209,-3.6765442,277.88013,282.3811,98799.125,152.9591,9.23111,4.730133,987.9913,0.0,3.8274689,73.45782,2.9,2.9,2.9,observed
2023-12-04 06:00:00,48.0,29.0,1087.0,,,,2.5,,False,False,False,False,False,0.0,-0.5035553,-4.326721,277.6206,282.67407,98856.25,240.99832,9.524078,4.4706116,988.5625,0.0,4.355925,70.73124,2.5,2.5,2.5,observed
2023-12-04 07:00:00,48.0,29.0,1087.0,,,,2.5,,False,False,False,False,False,0.0,-1.3087921,-4.3121796,276.19727,282.90088,98973.625,274.3042,9.750885,3.0472717,989.73627,0.0,4.506421,63.027477,2.5,2.5,2.5,observed
2023-12-04 08:00:00,48.0,29.0,1087.0,,,,2.5,,False,False,False,False,False,0.0,-1.5015869,-4.588211,275.17236,283.65942,99035.125,304.4436,10.50943,2.0223694,990.35126,0.0,4.827675,55.705406,2.5,2.5,2.5,observed
2023-12-04 09:00:00,48.0,29.0,1087.0,,,,2.4,,False,False,False,False,False,0.0,-1.7762604,-4.3611298,275.21997,285.18945,99141.44,342.16235,12.039459,2.0699768,991.41437,0.0,4.7089863,50.50817,2.4,2.4,2.4,observed
2023-12-04 10:00:00,48.0,29.0,1087.0,,,,2.3,,False,False,False,False,False,0.0,-2.3474274,-3.6074219,274.32886,287.12964,99197.125,353.4126,13.979645,1.1788635,991.97125,0.0,4.303941,41.745846,2.3,2.3,2.3,observed
2023-12-04 11:00:00,48.0,29.0,1087.0,,,,2.2,,False,False,False,False,False,0.0,-2.660263,-2.3172913,273.86987,290.49316,99169.875,387.13647,17.34317,0.71987915,991.6987,0.0,3.5280077,32.566498,2.2,2.2,2.2,observed
2023-12-04 12:00:00,48.0,29.0,1087.0,,,,2.1,,False,False,False,False,False,0.0,-2.7488098,-1.5769806,274.18408,291.61426,99098.06,467.19116,18.464264,1.0340881,990.98065,0.0,3.1690414,31.043192,2.1,2.1,2.1,observed
2023-12-04 13:00:00,48.0,29.0,1087.0,,,,3.3,,False,False,False,False,False,0.0,-2.8255157,-1.2248688,274.62744,292.58423,98987.06,572.8242,19.434235,1.4774475,989.8706,0.0,3.0795848,30.16456,3.3,3.3,3.3,observed
2023-12-04 14:00:00,48.0,29.0,1087.0,,,,4.4,,False,False,False,False,False,0.0,-2.777481,-0.7670288,274.9641,294.06372,98903.25,649.2273,20.913727,1.8141174,989.0325,0.0,2.8814466,28.198805,4.4,4.4,4.4,observed
2023-12-04 15:00:00,48.0,29.0,1087.0,,,,4.0,,False,False,False,False,False,0.0,-2.5761566,-0.51042175,275.05713,294.19678,98884.375,665.8479,21.046783,1.907135,988.84375,0.0,2.6262355,28.155607,4.0,4.0,4.0,observed
2023-12-04 16:00:00,48.0,29.0,1087.0,,,,3.9,,False,False,False,False,False,0.0,-2.1415558,-0.16796875,276.61816,292.53223,98897.5,617.7373,19.382233,3.4681702,988.975,0.0,2.1481328,34.861237,3.9,3.9,3.9,observed
2023-12-04 17:00:00,48.0,29.0,1087.0,,,,4.6,,False,False,False,False,False,0.0,-1.7144775,-0.15252686,277.11816,291.72705,98933.875,143.66621,18.577057,3.9681702,989.33875,0.0,1.7212489,37.969696,4.6,4.6,4.6,observed
2023-12-04 18:00:00,48.0,29.0,1087.0,,,,4.8,,False,False,False,False,False,0.0,-2.050888,-0.62490845,277.74194,288.65234,98990.5,69.62477,15.50235,4.5919495,989.905,0.0,2.1439805,48.19201,4.8,4.8,4.8,observed
2023-12-04 19:00:00,48.0,29.0,1087.0,,,,8.0,,False,False,False,False,False,0.0,-1.9839325,-0.9217377,277.0276,287.14404,99046.25,61.235184,13.994049,3.877594,990.4625,0.0,2.1875987,50.520123,8.0,8.0,8.0,observed
2023-12-04 20:00:00,48.0,29.0,1087.0,,,,4.7,,False,False,False,False,False,0.0,-2.067276,-0.9067688,276.4707,284.99414,99077.19,60.36969,11.844147,3.3207092,990.77185,0.0,2.2574012,55.909084,4.7,4.7,4.7,observed
2023-12-04 21:00:00,48.0,29.0,1087.0,,,,4.4,,False,False,False,False,False,0.0,-2.1256866,-0.8679962,276.01782,283.5708,99090.875,59.47963,10.420807,2.8678284,990.90875,0.0,2.296075,59.506233,4.4,4.4,4.4,observed
2023-12-04 22:00:00,48.0,29.0,1087.0,,,,4.0,,False,False,False,False,False,0.0,-2.1362915,-0.953125,275.7937,283.6682,99111.19,56.1696,10.518219,2.6437073,991.1119,0.0,2.3392708,58.189075,4.0,4.0,4.0,observed
2023-12-04 23:00:00,48.0,29.0,1087.0,,,,3.6,,False,False,False,False,False,0.0,-2.3272552,-0.8364563,275.1682,281.2141,99111.44,51.948334,8.064117,2.018219,991.1144,0.0,2.4730096,65.64776,3.6,3.6,3.6,observed
2023-12-05 00:00:00,48.0,29.0,1087.0,,,,3.7,,False,False,False,False,False,0.0,-2.6497498,-0.3224945,274.7832,280.7351,99096.75,51.101196,7.5851135,1.6332092,990.9675,0.0,2.6693027,65.983284,3.7,3.7,3.7,observed
2023-12-05 01:00:00,48.0,29.0,1087.0,,,,3.8,,False,False,False,False,False,0.0,-2.3950806,-0.6260681,275.03247,280.6853,99096.69,47.279022,7.535309,1.8824768,990.96686,0.0,2.475555,67.39809,3.8,3.8,3.8,observed
2023-12-05 02:00:00,48.0,29.0,1087.0,,,,3.7,,False,False,False,False,False,0.0,-1.5687866,-1.230896,274.57837,279.04932,99086.06,40.03749,5.8993225,1.4283752,990.8606,0.0,1.9940403,73.00113,3.7,3.7,3.7,observed
2023-12-05 03:00:00,48.0,29.0,1087.0,,,,3.5,,False,False,False,False,False,0.0,-1.361557,-1.3871002,274.7312,278.57373,99117.94,36.576904,5.4237366,1.5812073,991.1794,0.0,1.9436781,76.27603,3.5,3.5,3.5,observed
2023-12-05 04:00:00,48.0,29.0,1087.0,,,,3.6,,False,False,False,False,False,0.0,-1.6825867,-1.2995758,274.8789,278.1223,99158.06,37.742172,4.9723206,1.7289124,991.5806,0.0,2.126028,79.54361,3.6,3.6,3.6,observed
2023-12-05 05:00:00,48.0,29.0,1087.0,,,,3.6,,False,False,False,False,False,0.0,-1.558548,-1.2825012,274.90527,278.1665,99202.69,36.847717,5.01651,1.7552795,992.02686,0.0,2.018386,79.44886,3.6,3.6,3.6,observed
2023-12-05 06:00:00,48.0,29.0,1087.0,,,,3.6,,False,False,False,False,False,0.0,-1.6575623,-1.0821228,275.05762,278.1277,99245.94,41.970993,4.9776917,1.9076233,992.45935,0.0,1.9795207,80.535614,3.6,3.6,3.6,observed
2023-12-05 07:00:00,48.0,29.0,1087.0,,,,3.9,,False,False,False,False,False,0.0,-1.712265,-1.1244507,275.1089,278.1582,99258.69,39.640305,5.008209,1.9588928,992.58685,0.0,2.048473,80.65931,3.9,3.9,3.9,observed
2023-12-05 08:00:00,48.0,29.0,1087.0,,,,4.6,,False,False,False,False,False,0.0,-1.1233063,-1.1263275,276.19775,280.59912,99316.125,34.18068,7.449127,3.04776,993.16125,0.0,1.5907328,73.64934,4.6,4.6,4.6,observed
2023-12-05 09:00:00,48.0,29.0,1087.0,,,,5.0,,False,False,False,False,False,0.0,-1.220581,-0.6523285,277.84155,283.16895,99397.5,76.35547,10.018951,4.691559,993.975,0.0,1.3839619,69.48813,5.0,5.0,5.0,observed
2023-12-05 10:00:00,48.0,29.0,1087.0,,,,8.4,,False,False,False,False,False,0.0,-1.2772064,-0.2820282,279.01123,286.55518,99468.375,187.21042,13.405182,5.8612366,994.6838,0.0,1.3079741,60.273846,8.4,8.4,8.4,observed
2023-12-05 11:00:00,48.0,29.0,1087.0,,,,9.0,,False,False,False,False,False,0.0,-1.1429443,-0.21789551,280.0984,290.4392,99444.69,308.85645,17.289215,6.948395,994.4469,0.0,1.1635292,50.629158,9.0,9.0,9.0,observed
2023-12-05 12:00:00,48.0,29.0,1087.0,,,,10.1,,False,False,False,False,False,0.0,-0.7834625,-0.17919922,280.95898,292.41406,99405.625,448.18237,19.264069,7.8089905,994.0563,0.0,0.80369514,47.438305,10.1,10.1,10.1,observed
2023-12-05 13:00:00,48.0,29.0,1087.0,,,,8.0,,False,False,False,False,False,0.0,-0.4619751,-0.06492615,281.4956,293.1306,99295.0,589.0647,19.980621,8.345612,992.95,0.0,0.46651515,47.05854,8.0,8.0,8.0,observed
2023-12-05 14:00:00,48.0,29.0,1087.0,,,,7.6,,False,False,False,False,False,0.0,-0.2783661,0.11972046,282.4978,294.9685,99215.0,655.16846,21.818512,9.347809,992.15,0.0,0.30301926,44.972168,7.6,7.6,7.6,observed
2023-12-05 15:00:00,48.0,29.0,1087.0,,,,7.2,,False,False,False,False,False,0.0,-0.36862183,0.32670593,282.77563,295.29175,99202.125,700.51807,22.141754,9.625641,992.02124,0.0,0.49256352,44.924908,7.2,7.2,7.2,observed
2023-12-05 16:00:00,48.0,29.0,1087.0,,,,7.7,,False,False,False,False,False,0.0,-0.8317871,1.0477753,282.761,294.0681,99170.06,633.90063,20.918121,9.610992,991.7006,0.0,1.3377978,48.370575,7.7,7.7,7.7,observed
2023-12-05 17:00:00,48.0,29.0,1087.0,,,,8.8,,False,False,False,False,False,0.0,-0.97109985,1.5605774,284.6787,292.82642,99240.06,105.04471,19.676422,11.528717,992.40063,0.0,1.8380524,59.341866,8.8,8.8,8.8,observed
2023-12-05 18:00:00,48.0,29.0,1087.0,,,,9.2,,False,False,False,False,False,0.0,-1.8634338,1.6104889,283.2444,290.55737,99308.69,47.26918,17.40738,10.094391,993.08685,0.0,2.4629374,62.17919,9.2,9.2,9.2,observed
2023-12-05 19:00:00,48.0,29.0,1087.0,,,,17.5,,False,False,False,False,False,0.0,-2.5581055,0.92381287,282.80054,288.80908,99399.875,41.96805,15.659088,9.650543,993.9988,0.0,2.719804,67.453995,17.5,17.5,17.5,observed
2023-12-05 20:00:00,48.0,29.0,1087.0,,,,8.6,,False,False,False,False,False,0.0,-2.6670837,0.6992645,281.74878,286.2798,99428.875,40.455,13.129791,8.598785,994.28876,0.0,2.7572281,74.00114,8.6,8.6,8.6,observed
2023-12-05 21:00:00,48.0,29.0,1087.0,,,,8.4,,False,False,False,False,False,0.0,-2.7197723,-0.51408386,281.21533,285.40186,99508.94,37.407303,12.251862,8.065338,995.08936,0.0,2.7679312,75.5974,8.4,8.4,8.4,observed
2023-12-05 22:00:00,48.0,29.0,1087.0,,,,8.3,,False,False,False,False,False,0.0,-2.5874329,-0.7040405,280.90723,285.17847,99551.125,38.278534,12.028473,7.7572327,995.5112,0.0,2.6815073,75.1255,8.3,8.3,8.3,observed
2023-12-05 23:00:00,48.0,29.0,1087.0,,,,8.2,,False,False,False,False,False,0.0,-2.225769,-0.79841614,280.1416,283.55908,99573.94,32.136948,10.409088,6.9916077,995.7394,0.0,2.3646386,79.3733,8.2,8.2,8.2,observed
2023-12-06 00:00:00,48.0,29.0,1087.0,,,,7.5,,False,False,False,False,False,0.0,-1.3841095,-1.5504303,279.46338,282.97998,99580.69,31.983688,9.829987,6.313385,995.8069,0.0,2.0783632,78.749306,7.5,7.5,7.5,observed
2023-12-06 01:00:00,48.0,29.0,1087.0,,,,7.6,,False,False,False,False,False,0.0,-0.67115784,-1.4262238,279.30884,282.65796,99565.81,29.993591,9.507965,6.158844,995.65814,0.0,1.5762509,79.61606,7.6,7.6,7.6,observed
2023-12-06 02:00:00,48.0,29.0,1087.0,,,,7.1,,False,False,False,False,False,0.0,-0.48207092,-1.4638214,278.74023,281.6443,99582.81,28.838486,8.494293,5.5902405,995.8281,0.0,1.5411571,81.96223,7.1,7.1,7.1,observed
2023-12-06 03:00:00,48.0,29.0,1087.0,,,,7.1,,False,False,False,False,False,0.0,-0.8061676,-2.0473022,278.4077,281.68945,99597.625,41.73398,8.539459,5.257721,995.97626,0.0,2.2003074,79.84829,7.1,7.1,7.1,observed
2023-12-06 04:00:00,48.0,29.0,1087.0,,,,7.2,,False,False,False,False,False,0.0,-0.5263672,-1.9634705,277.8838,280.4619,99652.5,45.494064,7.31192,4.733795,996.525,0.0,2.0328007,83.69134,7.2,7.2,7.2,observed
2023-12-06 05:00:00,48.0,29.0,1087.0,,,,7.3,,False,False,False,False,False,0.0,-0.405838,-1.7583008,278.01294,280.552,99640.125,42.2601,7.402008,4.8629456,996.40125,0.0,1.8045293,83.93036,7.3,7.3,7.3,observed
2023-12-06 06:00:00,48.0,29.0,1087.0,,,,7.0,,False,False,False,False,False,0.0,-0.7206726,-1.8960876,277.92188,280.3506,99636.44,45.354065,7.200592,4.771881,996.3644,0.0,2.0284274,84.55521,7.0,7.0,7.0,observed
2023-12-06 07:00:00,48.0,29.0,1087.0,,,,6.9,,False,False,False,False,False,0.0,-1.2111664,-1.9511261,277.90552,280.67285,99687.81,59.817215,7.5228577,4.7555237,996.8781,0.0,2.2964792,82.61961,6.9,6.9,6.9,observed
2023-12-06 08:00:00,48.0,29.0,1087.0,,,,7.0,,False,False,False,False,False,0.0,-1.7459717,-2.0738373,278.4641,282.48438,99790.375,85.77185,9.334381,5.3141174,997.90375,0.0,2.7109442,75.97586,7.0,7.0,7.0,observed
2023-12-06 09:00:00,48.0,29.0,1087.0,,,,6.9,,False,False,False,False,False,0.0,-1.9803772,-1.6144714,279.18042,285.30225,99859.25,156.6002,12.152252,6.030426,998.5925,0.0,2.5550756,66.19465,6.9,6.9,6.9,observed
2023-12-06 10:00:00,48.0,29.0,1087.0,,,,7.4,,False,False,False,False,False,0.0,-2.261917,-0.8272705,279.48682,287.98218,99875.0,281.73267,14.832184,6.3368225,998.75,0.0,2.408453,56.785744,7.4,7.4,7.4,observed
2023-12-06 11:00:00,48.0,29.0,1087.0,,,,6.0,,False,False,False,False,False,0.0,-2.4293213,0.054000854,278.6067,290.85107,99860.0,434.75488,17.70108,5.4566956,998.6,0.0,2.4299214,44.50831,6.0,6.0,6.0,observed
2023-12-06 12:00:00,48.0,29.0,1087.0,,,,5.9,,False,False,False,False,False,0.0,-2.3842163,0.6906738,278.62085,292.07666,99740.375,594.3906,18.926666,5.4708557,997.40375,0.0,2.4822404,41.256107,5.9,5.9,5.9,observed
2023-12-06 13:00:00,48.0,29.0,1087.0,,,,6.1,,False,False,False,False,False,0.0,-2.2979736,0.9363861,278.17603,292.5962,99613.94,724.0344,19.446198,5.0260315,996.1394,0.0,2.4814315,38.72657,6.1,6.1,6.1,observed
2023-12-06 14:00:00,48.0,29.0,1087.0,,,,6.0,,False,False,False,False,False,0.0,-2.148346,1.0950623,277.9353,293.73438,99514.69,797.0508,20.584381,4.785309,995.14685,0.0,2.411338,35.49158,6.0,6.0,6.0,observed
2023-12-06 15:00:00,48.0,29.0,1087.0,,,,5.5,,False,False,False,False,False,0.0,-2.120514,1.0510406,277.6223,293.77173,99454.125,815.1389,20.621735,4.4723206,994.54126,0.0,2.3666995,34.644413,5.5,5.5,5.5,observed
2023-12-06 16:00:00,48.0,29.0,1087.0,,,,4.7,,False,False,False,False,False,0.0,-1.329483,1.2366028,278.2827,292.01465,99427.94,810.6304,18.864655,5.132721,994.27936,0.0,1.8156848,40.4548,4.7,4.7,4.7,observed
2023-12-06 17:00:00,48.0,29.0,1087.0,,,,5.3,,False,False,False,False,False,0.0,-1.4123993,0.9328766,279.239,290.8379,99435.44,118.6535,17.687897,6.08902,994.3544,0.0,1.6926696,46.53753,5.3,5.3,5.3,observed
2023-12-06 18:00:00,48.0,29.0,1087.0,,,,6.2,,False,False,False,False,False,0.0,-1.9944153,1.2427826,278.95215,288.4624,99429.625,69.94949,15.312408,5.8021545,994.29626,0.0,2.3499365,53.064125,6.2,6.2,6.2,observed
2023-12-06 19:00:00,48.0,29.0,1087.0,,,,6.3,,False,False,False,False,False,0.0,-1.660492,1.391861,278.53955,287.0359,99445.31,65.60437,13.885895,5.389557,994.4531,0.0,2.166682,56.54122,6.3,6.3,6.3,observed
2023-12-06 20:00:00,48.0,29.0,1087.0,,,,6.3,,False,False,False,False,False,0.0,-1.5484772,1.5277252,277.97046,285.4651,99430.75,77.67143,12.315094,4.820465,994.3075,0.0,2.175253,60.2161,6.3,6.3,6.3,observed
2023-12-06 21:00:00,48.0,29.0,1087.0,,,,5.8,,False,False,False,False,False,0.0,-1.661911,1.8343811,277.72852,285.06592,99432.875,113.256744,11.915924,4.5785217,994.32874,0.0,2.4752579,60.783432,5.8,5.8,5.8,observed
2023-12-06 22:00:00,48.0,29.0,1087.0,,,,5.5,,False,False,False,False,False,0.0,-1.3639221,2.2684784,277.74902,284.8401,99426.69,151.01508,11.690094,4.5990295,994.26685,0.0,2.6469374,61.784042,5.5,5.5,5.5,observed
2023-12-06 23:00:00,48.0,29.0,1087.0,,,,5.4,,False,False,False,False,False,0.0,-0.76704407,2.4373474,278.42188,283.59106,99402.5,167.9171,10.441071,5.271881,994.025,0.0,2.5551944,70.34262,5.4,5.4,5.4,observed
2023-12-07 00:00:00,48.0,29.0,1087.0,,,,6.1,,False,False,False,False,False,0.0,-0.42643738,2.186798,279.20703,282.7207,99364.5,142.04736,9.570709,6.0570374,993.645,0.0,2.227989,78.72632,6.1,6.1,6.1,observed
2023-12-07 01:00:00,48.0,29.0,1087.0,,,,6.1,,False,False,False,False,False,0.0,-0.21394348,2.009079,280.00146,282.47095,99273.25,125.269455,9.320953,6.851471,992.7325,0.0,2.020438,84.55729,6.1,6.1,6.1,observed
2023-12-07 02:00:00,48.0,29.0,1087.0,,,,6.1,,False,False,False,False,False,0.0,-0.06871033,2.0119324,279.76245,281.25073,99212.56,121.77611,8.100739,6.6124573,992.1256,0.0,2.0131054,90.33179,6.1,6.1,6.1,observed
2023-12-07 03:00:00,48.0,29.0,1087.0,,,,6.1,,False,False,False,False,False,0.0,-0.14990234,1.9138184,280.42822,281.5979,99161.19,129.66032,8.4479065,7.2782288,991.6119,0.0,1.91968,92.3494,6.1,6.1,6.1,observed
2023-12-07 04:00:00,48.0,29.0,1087.0,,,,5.7,,False,False,False,False,False,0.0,-0.5086975,1.8334045,281.58765,281.87598,99094.19,137.72784,8.725983,8.437653,990.9419,0.0,1.902668,98.06815,5.7,5.7,5.7,observed
2023-12-07 05:00:00,48.0,29.0,1087.0,,,,5.5,,False,False,False,False,False,0.0,-0.67845154,1.6390839,281.98462,282.50464,99034.56,134.20805,9.354645,8.834625,990.34564,0.0,1.7739482,96.5567,5.5,5.5,5.5,observed
2023-12-07 06:00:00,48.0,29.0,1087.0,,,,5.1,,False,False,False,False,False,0.0,-0.8635864,1.7323456,282.05298,282.7124,99020.625,140.72473,9.562408,8.902985,990.20624,0.0,1.935666,95.65861,5.1,5.1,5.1,observed
2023-12-07 07:00:00,48.0,29.0,1087.0,,,,5.4,,False,False,False,False,False,1.4305115e-06,-0.901474,1.5328827,282.17603,283.083,99029.94,143.9243,9.933014,9.0260315,990.2994,0.0014305115,1.7783095,94.089096,5.4,5.4,5.4,observed
2023-12-07 08:00:00,48.0,29.0,1087.0,,,,5.9,,False,False,False,False,False,2.861023e-06,-1.3628082,1.5687256,283.4851,284.5542,99037.81,133.20166,11.404205,10.335114,990.3781,0.002861023,2.078015,93.143036,5.9,5.9,5.9,observed
2023-12-07 09:00:00,48.0,29.0,1087.0,,,,7.8,,False,False,False,False,False,5.722046e-06,-1.0564117,1.6879272,284.2788,285.792,99027.0,263.7666,12.641998,11.128815,990.27,0.005722046,1.991257,90.507126,7.8,7.8,7.8,observed
2023-12-07 10:00:00,48.0,29.0,1087.0,,,,5.8,,False,False,False,False,False,1.04904175e-05,-0.8469391,2.4619904,284.802,287.00244,99017.75,408.13403,13.8524475,11.652008,990.1775,0.0104904175,2.603594,86.58341,5.8,5.8,5.8,observed
2023-12-07 11:00:00,48.0,29.0,1087.0,,,,5.4,,False,False,False,False,False,9.536743e-06,-0.34025574,4.2750397,286.3269,290.2212,98944.81,727.1499,17.071198,13.17691,989.4481,0.009536743,4.288559,77.8564,5.4,5.4,5.4,observed
2023-12-07 12:00:00,48.0,29.0,1087.0,,,,4.8,,False,False,False,False,False,1.4305115e-06,0.49726868,5.547241,287.31836,291.87134,98819.5,954.1553,18.721344,14.1683655,988.195,0.0014305115,5.5694847,74.85063,4.8,4.8,4.8,observed
2023-12-07 13:00:00,48.0,29.0,1087.0,,,,4.6,,False,False,False,False,False,9.536743e-07,0.96051025,5.732727,287.51758,292.97192,98661.875,1030.2991,19.82193,14.367584,986.6188,0.0009536743,5.8126364,70.800575,4.6,4.6,4.6,observed
2023-12-07 14:00:00,48.0,29.0,1087.0,,,,4.4,,False,False,False,False,False,0.0,1.1391907,5.4267883,287.71826,294.11816,98533.125,1042.0793,20.96817,14.568268,985.33124,0.0,5.5450687,66.825134,4.4,4.4,4.4,observed
2023-12-07 15:00:00,48.0,29.0,1087.0,,,,4.5,,False,False,False,False,False,0.0,0.9049988,4.491913,287.94946,294.3357,98480.25,1104.2024,21.1857,14.799469,984.8025,0.0,4.5821724,66.928955,4.5,4.5,4.5,observed
2023-12-07 16:00:00,48.0,29.0,1087.0,,,,5.1,,False,False,False,False,False,9.536743e-07,-0.12939453,3.2327118,287.79395,294.02173,98407.19,1176.6389,20.871735,14.643951,984.0719,0.0009536743,3.2353003,67.551605,5.1,5.1,5.1,observed
2023-12-07 17:00:00,48.0,29.0,1087.0,,,,4.6,,False,False,False,False,False,5.2452087e-06,-0.2059021,3.1125488,287.7859,293.96387,98391.125,653.13135,20.813873,14.635895,983.91125,0.0052452087,3.1193519,67.75724,4.6,4.6,4.6,observed
2023-12-07 18:00:00,48.0,29.0,1087.0,,,,4.6,,False,False,False,False,False,3.2901764e-05,-0.23953247,2.7421875,288.01245,293.3921,98383.25,397.3816,20.242096,14.862457,983.8325,0.032901764,2.7526293,71.22134,4.6,4.6,4.6,observed
2023-12-07 19:00:00,48.0,29.0,1087.0,,,,4.4,,False,False,False,False,False,9.1552734e-05,-0.7275543,2.9466858,288.12524,293.3308,98387.69,482.71582,20.180817,14.97525,983.8769,0.091552734,3.0351758,72.01261,4.4,4.4,4.4,observed
2023-12-07 20:00:00,48.0,29.0,1087.0,,,,4.2,,False,False,False,False,False,7.867813e-05,-1.2124786,3.5213318,288.50635,292.48145,98417.0,545.0117,19.331451,15.356354,984.17,0.07867813,3.724229,77.78974,4.2,4.2,4.2,observed
2023-12-07 21:00:00,48.0,29.0,1087.0,,,,4.0,,False,False,False,False,False,2.2888184e-05,-1.3417969,4.030655,288.7859,291.85254,98400.19,547.8882,18.702545,15.635895,984.0019,0.022888184,4.248129,82.36434,4.0,4.0,4.0,observed
2023-12-07 22:00:00,48.0,29.0,1087.0,,,,4.3,,False,False,False,False,False,4.7683716e-06,-1.0774536,4.2844696,289.08447,291.77734,98394.06,528.4053,18.62735,15.934479,983.9406,0.0047683716,4.417871,84.34775,4.3,4.3,4.3,observed
2023-12-07 23:00:00,48.0,29.0,1087.0,,,,4.1,,False,False,False,False,False,2.861023e-06,-0.6855316,4.443695,289.36426,291.66284,98354.56,539.4641,18.512848,16.214264,983.54565,0.002861023,4.496263,86.48449,4.1,4.1,4.1,observed
2023-12-08 00:00:00,48.0,29.0,1087.0,,,,4.7,,False,False,False,False,False,3.8146973e-06,-0.3212738,4.3278503,289.42554,291.1975,98289.94,534.34375,18.047516,16.275543,982.89935,0.0038146973,4.339759,89.39447,4.7,4.7,4.7,observed
2023-12-08 01:00:00,48.0,29.0,1087.0,,,,3.9,,False,False,False,False,False,4.7683716e-07,0.055114746,3.9715118,289.58887,291.2605,98216.06,505.55225,18.110504,16.438873,982.16064,0.00047683716,3.9718943,89.9721,3.9,3.9,3.9,observed
2023-12-08 02:00:00,48.0,29.0,1087.0,,,,3.9,,False,False,False,False,False,4.7683716e-07,0.5609741,3.3921356,290.17383,291.6355,98179.25,448.17847,18.485504,17.023834,981.7925,0.00047683716,3.438208,91.205215,3.9,3.9,3.9,observed
2023-12-08 03:00:00,48.0,29.0,1087.0,,,,4.2,,False,False,False,False,False,0.0,0.75564575,2.8325195,290.07202,291.28882,98160.81,379.7981,18.138824,16.922028,981.60815,0.0,2.931581,92.61051,4.2,4.2,4.2,observed
2023-12-08 04:00:00,48.0,29.0,1087.0,,,,4.3,,False,False,False,False,False,0.0,1.2085724,1.9149628,289.77148,290.61475,98105.44,256.80664,17.464752,16.62149,981.0544,0.0,2.2644491,94.800026,4.3,4.3,4.3,observed
2023-12-08 05:00:00,48.0,29.0,1087.0,,,,4.3,,False,False,False,False,False,0.0,0.83499146,2.0399323,289.6433,290.50732,98070.375,230.80647,17.35733,16.493317,980.70374,0.0,2.2042084,94.67084,4.3,4.3,4.3,observed
2023-12-08 06:00:00,48.0,29.0,1087.0,,,,5.1,,False,False,False,False,False,4.7683716e-07,0.671463,2.3849945,289.64478,290.35034,98069.625,249.54156,17.200348,16.494781,980.6962,0.00047683716,2.4777129,95.62385,5.1,5.1,5.1,observed
2023-12-08 07:00:00,48.0,29.0,1087.0,,,,5.2,,False,False,False,False,False,0.0,0.5347595,2.71904,289.75732,290.45654,98086.5,291.84253,17.30655,16.60733,980.865,0.0,2.7711272,95.66591,5.2,5.2,5.2,observed
2023-12-08 08:00:00,48.0,29.0,1087.0,,,,4.4,,False,False,False,False,False,0.0,0.4217224,3.1014862,289.99072,290.61084,98128.0,338.5105,17.460846,16.840729,981.28,0.0,3.1300266,96.15227,4.4,4.4,4.4,observed
2023-12-08 09:00:00,48.0,29.0,1087.0,,,,3.3,,False,False,False,False,False,0.0,1.0221252,3.8125305,290.0371,291.06445,98170.81,406.4624,17.91446,16.887115,981.7081,0.0,3.9471672,93.71805,3.3,3.3,3.3,observed
2023-12-08 10:00:00,48.0,29.0,1087.0,,,,3.3,,False,False,False,False,False,2.7656555e-05,1.9984436,3.7374878,289.8816,291.37988,98213.625,423.01,18.229889,16.731598,982.1362,0.027656555,4.2382298,90.97703,3.3,3.3,3.3,observed
2023-12-08 11:00:00,48.0,29.0,1087.0,,,,3.7,,False,False,False,False,False,2.861023e-06,1.9253387,3.5373535,290.00708,292.4414,98182.19,551.17163,19.291412,16.857086,981.8219,0.002861023,4.027381,85.817726,3.7,3.7,3.7,observed
2023-12-08 12:00:00,48.0,29.0,1087.0,,,,5.0,,False,False,False,False,False,9.536743e-07,2.0129852,3.5238037,289.99805,293.00024,98122.56,677.2356,19.85025,16.848053,981.22565,0.0009536743,4.058239,82.842545,5.0,5.0,5.0,observed
2023-12-08 13:00:00,48.0,29.0,1087.0,,,,5.6,,False,False,False,False,False,0.0,1.8782349,3.272232,290.12622,293.9348,97982.56,714.3064,20.78482,16.976227,979.8256,0.0,3.7729654,78.83416,5.6,5.6,5.6,observed
2023-12-08 14:00:00,48.0,29.0,1087.0,,,,5.6,,False,False,False,False,False,0.0,1.6822662,2.8681793,290.18433,295.44678,97893.19,729.6123,22.296783,17.034332,978.9319,0.0,3.3251276,72.132675,5.6,5.6,5.6,observed
2023-12-08 15:00:00,48.0,29.0,1087.0,,,,5.3,,False,False,False,False,False,0.0,2.507431,2.2752228,290.4707,296.375,97884.125,787.9429,23.225006,17.32071,978.84125,0.0,3.3858306,69.43177,5.3,5.3,5.3,observed
2023-12-08 16:00:00,48.0,29.0,1087.0,,,,5.1,,False,False,False,False,False,0.0,1.7073212,1.5490265,289.85693,295.15796,97865.69,541.99585,22.007965,16.70694,978.65686,0.0,2.3053043,71.90451,5.1,5.1,5.1,observed
2023-12-08 17:00:00,48.0,29.0,1087.0,,,,6.4,,False,False,False,False,False,0.0,0.13877869,1.5729218,290.01782,294.68042,97842.31,272.27856,21.530426,16.867828,978.4231,0.0,1.5790321,74.79256,6.4,6.4,6.4,observed
2023-12-08 18:00:00,48.0,29.0,1087.0,,,,6.8,,False,False,False,False,False,0.0,-0.14982605,2.1512299,290.1172,293.16382,97834.625,88.25453,20.013824,16.967194,978.34625,0.0,2.156441,82.62911,6.8,6.8,6.8,observed
2023-12-08 19:00:00,48.0,29.0,1087.0,,,,7.5,,False,False,False,False,False,0.0,0.40545654,2.4161682,289.64478,292.08228,97908.875,68.04285,18.932281,16.494781,979.08875,0.0,2.4499516,85.76425,7.5,7.5,7.5,observed
2023-12-08 20:00:00,48.0,29.0,1087.0,,,,9.2,,False,False,False,False,False,0.0,1.3875122,1.5509796,288.57617,290.03247,97968.0,46.338333,16.882477,15.426178,979.68,0.0,2.0810401,91.13248,9.2,9.2,9.2,observed
2023-12-08 21:00:00,48.0,29.0,1087.0,,,,7.6,,False,False,False,False,False,0.0,1.5969849,0.21537781,288.1819,289.5476,97996.375,33.26718,16.397614,15.031891,979.96375,0.0,1.6114429,91.63318,7.6,7.6,7.6,observed
2023-12-08 22:00:00,48.0,29.0,1087.0,,,,9.9,,False,False,False,False,False,0.0,1.2978821,0.108062744,288.19263,289.59595,98035.44,29.44484,16.445953,15.042633,980.3544,0.0,1.302373,91.4149,9.9,9.9,9.9,observed
2023-12-08 23:00:00,48.0,29.0,1087.0,,,,14.2,,False,False,False,False,False,0.0,1.2250214,0.7872925,288.01123,289.05615,98077.44,29.677155,15.906158,14.861237,980.77435,0.0,1.456196,93.51731,14.2,14.2,14.2,observed
2023-12-09 00:00:00,48.0,29.0,1087.0,,,,13.7,,False,False,False,False,False,0.0,0.9100647,1.4333191,288.43262,289.76978,98074.625,42.401,16.619781,15.282623,980.7463,0.0,1.6978284,91.815125,13.7,13.7,13.7,observed
2023-12-09 01:00:00,48.0,29.0,1087.0,,,,8.3,,False,False,False,False,False,0.0,0.27642822,2.1238098,288.37842,289.6709,98067.56,62.406708,16.520905,15.228424,980.6756,0.0,2.1417239,92.07298,8.3,8.3,8.3,observed
2023-12-09 02:00:00,48.0,29.0,1087.0,,,,4.8,,False,False,False,False,False,0.0,0.16499329,2.0738678,288.48657,289.2776,98065.06,66.94768,16.127594,15.336578,980.65063,0.0,2.0804207,95.0658,4.8,4.8,4.8,observed
2023-12-09 03:00:00,48.0,29.0,1087.0,,,,4.2,,False,False,False,False,False,0.0,0.19433594,1.9362946,288.80518,289.26025,98079.0,62.0251,16.11026,15.655182,980.79,0.0,1.9460224,97.13415,4.2,4.2,4.2,observed
2023-12-09 04:00:00,48.0,29.0,1087.0,,,,4.0,,False,False,False,False,False,4.7683716e-07,0.45500183,1.6151428,289.24023,289.2417,98125.69,48.080048,16.091705,16.09024,981.2569,0.00047683716,1.6780087,99.990654,4.0,4.0,4.0,observed
2023-12-09 05:00:00,48.0,29.0,1087.0,,,,3.2,,False,False,False,False,False,1.4305115e-06,-0.17285156,1.8089905,289.5747,289.81787,98119.81,59.625107,16.667877,16.424713,981.1981,0.0014305115,1.8172299,98.466125,3.2,3.2,3.2,observed
2023-12-09 06:00:00,48.0,29.0,1087.0,,,,3.6,,False,False,False,False,False,9.536743e-07,-0.33903503,1.800003,290.2141,290.44775,98154.94,76.26604,17.29776,17.064117,981.5494,0.0009536743,1.8316538,98.53286,3.6,3.6,3.6,observed
2023-12-09 07:00:00,48.0,29.0,1087.0,,,,4.3,,False,False,False,False,False,5.722046e-06,-0.24305725,0.90379333,290.70532,290.9724,98196.81,81.7984,17.822418,17.555328,981.96814,0.005722046,0.9359056,98.33108,4.3,4.3,4.3,observed
2023-12-09 08:00:00,48.0,29.0,1087.0,,,,4.7,,False,False,False,False,False,2.0980835e-05,0.33496094,-0.6393585,291.32324,291.4104,98343.56,55.787476,18.260406,18.173248,983.4356,0.020980835,0.72178817,99.454506,4.7,4.7,4.7,observed
2023-12-09 09:00:00,48.0,29.0,1087.0,,,,3.1,,False,False,False,False,False,9.1552734e-05,0.66101074,-1.2898865,291.28394,291.9026,98459.31,101.82547,18.752594,18.133942,984.59314,0.091552734,1.4493937,96.19831,3.1,3.1,3.1,observed
2023-12-09 10:00:00,48.0,29.0,1087.0,,,,3.1,,False,False,False,False,False,0.00011730194,-0.07476807,-1.447815,291.39746,291.85132,98556.125,171.58,18.701324,18.247467,985.5613,0.11730194,1.4497442,97.197296,3.1,3.1,3.1,observed
2023-12-09 11:00:00,48.0,29.0,1087.0,,,,3.8,,False,False,False,False,False,0.0001449585,-0.15631104,-1.5881042,292.19287,293.82446,98564.94,294.31543,20.674469,19.042877,985.64935,0.1449585,1.5957782,90.38227,3.8,3.8,3.8,observed
2023-12-09 12:00:00,48.0,29.0,1087.0,,,,5.1,,False,False,False,False,False,6.1035156e-05,0.081832886,-1.7958832,291.64282,294.63232,98483.06,572.9492,21.48233,18.492828,984.8306,0.061035156,1.7977467,83.10173,5.1,5.1,5.1,observed
2023-12-09 13:00:00,48.0,29.0,1087.0,,,,6.2,,False,False,False,False,False,3.8146973e-06,0.39535522,-2.545044,289.96362,295.6765,98455.19,862.7053,22.52652,16.81363,984.5519,0.0038146973,2.5755687,70.14414,6.2,6.2,6.2,observed
2023-12-09 14:00:00,48.0,29.0,1087.0,,,,6.2,,False,False,False,False,False,4.7683716e-07,0.33885193,-3.6579132,286.03955,296.26245,98409.69,1066.4612,23.112457,12.889557,984.09686,0.00047683716,3.6735744,52.57759,6.2,6.2,6.2,observed
2023-12-09 15:00:00,48.0,29.0,1087.0,,,,5.9,,False,False,False,False,False,9.536743e-07,0.113861084,-4.582245,282.37622,296.08936,98430.875,1115.7842,22.939362,9.226227,984.3088,0.0009536743,4.583659,41.667015,5.9,5.9,5.9,observed
2023-12-09 16:00:00,48.0,29.0,1087.0,,,,3.2,,False,False,False,False,False,0.0,0.16445923,-5.0562897,280.47314,295.06885,98587.375,1183.5317,21.918854,7.3231506,985.8738,0.0,5.0589633,38.965107,3.2,3.2,3.2,observed
2023-12-09 17:00:00,48.0,29.0,1087.0,,,,2.5,,False,False,False,False,False,0.0,0.32147217,-5.5470123,278.61646,293.47363,98656.06,934.0432,20.323639,5.466461,986.5606,0.0,5.5563197,37.81703,2.5,2.5,2.5,observed
2023-12-09 18:00:00,48.0,29.0,1087.0,,,,2.6,,False,False,False,False,False,0.0,0.4502411,-5.908249,278.0598,292.0962,98805.5,906.2517,18.946198,4.9098206,988.055,0.0,5.9253798,39.62967,2.6,2.6,2.6,observed
2023-12-09 19:00:00,48.0,29.0,1087.0,,,,2.1,,False,False,False,False,False,0.0,0.26412964,-6.070114,278.1494,291.26123,98927.625,939.03174,18.111237,4.99942,989.27625,0.0,6.075858,42.01786,2.1,2.1,2.1,observed
2023-12-09 20:00:00,48.0,29.0,1087.0,,,,1.7,,False,False,False,False,False,0.0,0.19013977,-6.3975983,275.7224,289.5,99061.06,982.2561,16.350006,2.5724182,990.6106,0.0,6.400423,39.599533,1.7,1.7,1.7,observed
2023-12-09 21:00:00,48.0,29.0,1087.0,,,,2.6,,False,False,False,False,False,0.0,0.39233398,-7.1671906,274.37622,288.64062,99160.69,1013.14526,15.490631,1.2262268,991.6069,0.0,7.177921,38.000305,2.6,2.6,2.6,observed
2023-12-09 22:00:00,48.0,29.0,1087.0,,,,2.1,,False,False,False,False,False,0.0,0.41235352,-7.3358765,274.20703,287.94434,99294.81,938.5979,14.794342,1.0570374,992.9481,0.0,7.3474565,39.259132,2.1,2.1,2.1,observed
2023-12-09 23:00:00,48.0,29.0,1087.0,,,,2.1,,False,False,False,False,False,0.0,0.7037964,-7.458893,273.1997,285.8694,99427.69,919.5918,12.719391,0.049713135,994.27686,0.0,7.4920235,41.773014,2.1,2.1,2.1,observed
2023-12-10 00:00:00,48.0,29.0,1087.0,,,,1.3,,False,False,False,False,False,0.0,0.9176636,-7.233368,272.57153,284.70044,99524.69,905.76196,11.550446,-0.5784607,995.2469,0.0,7.2913456,43.098873,1.3,1.3,1.3,observed
2023-12-10 01:00:00,48.0,29.0,1087.0,,,,1.0,,False,False,False,False,False,0.0,1.0727997,-6.805359,272.4702,284.49902,99584.69,914.6365,11.34903,-0.67977905,995.84686,0.0,6.889398,43.355473,1.0,1.0,1.0,observed
2023-12-10 02:00:00,48.0,29.0,1087.0,,,,1.0,,False,False,False,False,False,0.0,1.1942139,-6.4318695,270.68872,282.26758,99656.625,959.77466,9.117584,-2.4612732,996.5662,0.0,6.5417957,44.148792,1.0,1.0,1.0,observed
2023-12-10 03:00:00,48.0,29.0,1087.0,,,,1.0,,False,False,False,False,False,0.0,1.2033539,-6.0576935,270.00537,281.81665,99688.125,965.0271,8.6666565,-3.1446228,996.8812,0.0,6.1760597,43.262215,1.0,1.0,1.0,observed
2023-12-10 04:00:00,48.0,29.0,1087.0,,,,1.0,,False,False,False,False,False,0.0,0.7080536,-5.790756,267.75488,279.24683,99748.31,880.29956,6.0968323,-5.395111,997.48315,0.0,5.8338833,43.541927,1.0,1.0,1.0,observed
2023-12-10 05:00:00,48.0,29.0,1087.0,,,,1.2,,False,False,False,False,False,0.0,0.6622772,-5.0121307,267.89575,279.1997,99735.75,780.29443,6.049713,-5.254242,997.3575,0.0,5.0556965,44.152756,1.2,1.2,1.2,observed
2023-12-10 06:00:00,48.0,29.0,1087.0,,,,1.3,,False,False,False,False,False,0.0,0.608902,-4.429779,267.8545,279.08545,99782.81,662.50586,5.9354553,-5.2955017,997.8281,0.0,4.4714317,44.363667,1.3,1.3,1.3,observed
2023-12-10 07:00:00,48.0,29.0,1087.0,,,,1.4,,False,False,False,False,False,0.0,0.84703064,-3.8397064,267.67334,278.75488,99805.5,564.10254,5.604889,-5.476654,998.055,0.0,3.932023,44.77075,1.4,1.4,1.4,observed
2023-12-10 08:00:00,48.0,29.0,1087.0,,,,1.3,,False,False,False,False,False,0.0,1.1311035,-3.8902893,268.09106,279.33228,99871.625,543.1284,6.1822815,-5.0589294,998.71625,0.0,4.0513883,44.402348,1.3,1.3,1.3,observed
2023-12-10 09:00:00,48.0,29.0,1087.0,,,,1.5,,False,False,False,False,False,0.0,1.2227478,-4.6388397,268.56763,281.14648,99904.56,647.39844,7.9964905,-4.582367,999.04565,0.0,4.797285,40.652122,1.5,1.5,1.5,observed
2023-12-10 10:00:00,48.0,29.0,1087.0,,,,1.6,,False,False,False,False,False,0.0,0.8630829,-5.1572113,268.17358,282.57227,99938.5,733.4663,9.422272,-4.97641,999.385,0.0,5.228933,35.835926,1.6,1.6,1.6,observed
2023-12-10 11:00:00,48.0,29.0,1087.0,,,,1.5,,False,False,False,False,False,0.0,0.49996948,-5.088196,266.86475,285.26416,99875.25,739.7737,12.114166,-6.285248,998.7525,0.0,5.1127005,27.12548,1.5,1.5,1.5,observed
2023-12-10 12:00:00,48.0,29.0,1087.0,,,,1.3,,False,False,False,False,False,0.0,0.2685089,-4.5473633,266.77246,286.23193,99706.125,749.8882,13.08194,-6.377533,997.0613,0.0,4.5552835,25.27923,1.3,1.3,1.3,observed
2023-12-10 13:00:00,48.0,29.0,1087.0,,,,1.1,,False,False,False,False,False,0.0,0.051513672,-3.6310577,266.7898,286.96484,99565.44,784.3071,13.81485,-6.360199,995.65436,0.0,3.6314232,24.133148,1.1,1.1,1.1,observed
2023-12-10 14:00:00,48.0,29.0,1087.0,,,,1.1,,False,False,False,False,False,0.0,0.19154358,-2.2652893,266.51172,288.41382,99379.31,856.91113,15.263824,-6.638275,993.79315,0.0,2.273373,21.514902,1.1,1.1,1.1,observed
2023-12-10 15:00:00,48.0,29.0,1087.0,,,,1.1,,False,False,False,False,False,0.0,0.8966522,-1.1107788,266.45825,288.72876,99300.06,980.2007,15.578766,-6.691742,993.0006,0.0,1.4275205,20.998518,1.1,1.1,1.1,observed
2023-12-10 16:00:00,48.0,29.0,1087.0,,,,1.2,,False,False,False,False,False,0.0,0.994751,-0.375885,267.9712,287.5337,99249.75,1078.2676,14.3836975,-5.1788025,992.4975,0.0,1.0633998,25.447693,1.2,1.2,1.2,observed
2023-12-10 17:00:00,48.0,29.0,1087.0,,,,2.5,,False,False,False,False,False,0.0,-0.048828125,0.74624634,270.61987,286.91357,99255.06,47.1662,13.76358,-2.5301208,992.5506,0.0,0.7478421,32.302135,2.5,2.5,2.5,observed
2023-12-10 18:00:00,48.0,29.0,1087.0,,,,4.5,,False,False,False,False,False,0.0,-0.94662476,1.7910309,270.24316,283.97852,99243.25,49.646423,10.828522,-2.9068298,992.4325,0.0,2.025806,38.09338,4.5,4.5,4.5,observed
2023-12-10 19:00:00,48.0,29.0,1087.0,,,,9.7,,False,False,False,False,False,0.0,-1.0458984,1.8529663,271.28027,281.3423,99297.875,62.25357,8.192291,-1.8697205,992.97876,0.0,2.127766,49.097363,9.7,9.7,9.7,observed
2023-12-10 20:00:00,48.0,29.0,1087.0,,,,5.1,,False,False,False,False,False,0.0,-1.2714386,2.0490875,270.5923,279.4319,99319.31,69.70546,6.281891,-2.5577087,993.1931,0.0,2.4114966,53.1776,5.1,5.1,5.1,observed
2023-12-10 21:00:00,48.0,29.0,1087.0,,,,4.0,,False,False,False,False,False,0.0,-0.83935547,1.9494934,270.40625,278.60962,99322.31,81.553696,5.4596252,-2.743744,993.22314,0.0,2.1225085,55.51745,4.0,4.0,4.0,observed
2023-12-10 22:00:00,48.0,29.0,1087.0,,,,4.5,,False,False,False,False,False,0.0,-0.52220154,2.3675537,270.15015,278.64746,99328.31,104.15144,5.497467,-2.9998474,993.28314,0.0,2.4244597,54.32875,4.5,4.5,4.5,observed
2023-12-10 23:00:00,48.0,29.0,1087.0,,,,5.2,,False,False,False,False,False,0.0,0.06990051,2.2509766,269.88672,276.6338,99333.375,111.56697,3.4837952,-3.2632751,993.33374,0.0,2.2520616,61.32756,5.2,5.2,5.2,observed
2023-12-11 00:00:00,48.0,29.0,1087.0,,,,5.2,,False,False,False,False,False,0.0,0.8194275,2.10141,269.1704,276.34766,99300.875,114.351425,3.1976624,-3.9795837,993.0087,0.0,2.2555232,59.31671,5.2,5.2,5.2,observed
2023-12-11 01:00:00,48.0,29.0,1087.0,,,,5.4,,False,False,False,False,False,0.0,1.3548279,1.7206421,268.97656,276.115,99217.19,100.707596,2.9649963,-4.1734314,992.1719,0.0,2.1900156,59.430206,5.4,5.4,5.4,observed
2023-12-11 02:00:00,48.0,29.0,1087.0,,,,5.5,,False,False,False,False,False,0.0,1.828659,1.488617,268.49805,274.6709,99198.56,85.41315,1.5209045,-4.651947,991.9856,0.0,2.3579597,63.53712,5.5,5.5,5.5,observed
2023-12-11 03:00:00,48.0,29.0,1087.0,,,,5.4,,False,False,False,False,False,0.0,1.9967499,1.3005219,268.7107,274.4497,99156.5,77.27756,1.2997131,-4.4393005,991.565,0.0,2.3829324,65.59469,5.4,5.4,5.4,observed
2023-12-11 04:00:00,48.0,29.0,1087.0,,,,4.7,,False,False,False,False,False,0.0,2.2600403,0.48806763,268.5974,272.6582,99100.875,60.55478,-0.49179077,-4.552582,991.0087,0.0,2.3121402,74.02893,4.7,4.7,4.7,observed
2023-12-11 05:00:00,48.0,29.0,1087.0,,,,4.5,,False,False,False,False,False,0.0,2.0277252,-0.3684845,269.1631,273.45923,99066.06,46.203796,0.30923462,-3.986908,990.66064,0.0,2.0609343,72.88078,4.5,4.5,4.5,observed
2023-12-11 06:00:00,48.0,29.0,1087.0,,,,4.5,,False,False,False,False,False,0.0,1.7101288,-0.65005493,268.91895,273.64575,99076.81,31.441528,0.49575806,-4.2310486,990.7681,0.0,1.8295114,70.59959,4.5,4.5,4.5,observed
2023-12-11 07:00:00,48.0,29.0,1087.0,,,,4.9,,False,False,False,False,False,0.0,1.3218536,-0.60395813,268.80762,274.20752,99102.0,22.35173,1.0575256,-4.3423767,991.02,0.0,1.4532937,67.23397,4.9,4.9,4.9,observed
2023-12-11 08:00:00,48.0,29.0,1087.0,,,,6.2,,False,False,False,False,False,0.0,1.4374847,0.7334595,269.97974,275.77954,99217.06,30.823456,2.629547,-3.1702576,992.17065,0.0,1.6137922,65.60009,6.2,6.2,6.2,observed
2023-12-11 09:00:00,48.0,29.0,1087.0,,,,3.2,,False,False,False,False,False,0.0,1.0457001,1.209671,271.08667,279.12695,99284.875,124.27925,5.976959,-2.063324,992.84875,0.0,1.5989975,56.329582,3.2,3.2,3.2,observed
2023-12-11 10:00:00,48.0,29.0,1087.0,,,,3.1,,False,False,False,False,False,0.0,0.59043884,1.4008636,271.66382,282.46167,99305.69,256.79395,9.311676,-1.4861755,993.0569,0.0,1.5202096,46.82306,3.1,3.1,3.1,observed
2023-12-11 11:00:00,48.0,29.0,1087.0,,,,4.1,,False,False,False,False,False,0.0,0.28790283,2.113449,271.6848,287.33936,99309.75,466.87256,14.189362,-1.4651794,993.0975,0.0,2.1329687,33.989006,4.1,4.1,4.1,observed
2023-12-11 12:00:00,48.0,29.0,1087.0,,,,4.8,,False,False,False,False,False,0.0,0.19511414,2.813034,271.26904,288.52612,99232.0,656.0342,15.376129,-1.8809509,992.32,0.0,2.8197927,30.538528,4.8,4.8,4.8,observed
2023-12-11 13:00:00,48.0,29.0,1087.0,,,,3.6,,False,False,False,False,False,0.0,0.13948059,3.0363617,270.7942,289.19482,99154.94,759.7185,16.04483,-2.3558044,991.5494,0.0,3.0395637,28.251919,3.6,3.6,3.6,observed
2023-12-11 14:00:00,48.0,29.0,1087.0,,,,3.0,,False,False,False,False,False,0.0,-0.006729126,2.9059143,271.30713,290.58008,99048.5,819.104,17.430084,-1.842865,990.485,0.0,2.905922,26.871881,3.0,3.0,3.0,observed
2023-12-11 15:00:00,48.0,29.0,1087.0,,,,3.0,,False,False,False,False,False,0.0,-0.2511444,2.9154205,271.04028,291.1079,99024.06,850.79224,17.957916,-2.1097107,990.2406,0.0,2.9262176,25.486568,3.0,3.0,3.0,observed
2023-12-11 16:00:00,48.0,29.0,1087.0,,,,3.1,,False,False,False,False,False,0.0,-0.41470337,2.2132416,271.58545,289.594,99009.0,839.09375,16.444,-1.5645447,990.09,0.0,2.2517588,29.196411,3.1,3.1,3.1,observed
2023-12-11 17:00:00,48.0,29.0,1087.0,,,,4.0,,False,False,False,False,False,0.0,-1.1097107,1.3895569,273.45557,288.64673,99015.375,126.98868,15.496735,0.3055725,990.15375,0.0,1.7782931,35.547035,4.0,4.0,4.0,observed
2023-12-11 18:00:00,48.0,29.0,1087.0,,,,4.9,,False,False,False,False,False,0.0,-1.6045227,1.5089111,273.14966,285.74268,99082.31,74.85416,12.592682,-0.00033569336,990.8231,0.0,2.202568,41.968674,4.9,4.9,4.9,observed
2023-12-11 19:00:00,48.0,29.0,1087.0,,,,5.4,,False,False,False,False,False,0.0,-1.7359924,1.7582855,272.74194,284.7854,99133.69,93.59831,11.6354065,-0.40805054,991.33685,0.0,2.470878,43.39274,5.4,5.4,5.4,observed
2023-12-11 20:00:00,48.0,29.0,1087.0,,,,4.8,,False,False,False,False,False,0.0,-1.9474182,2.3496246,272.24097,282.84766,99185.25,157.06703,9.697662,-0.9090271,991.8525,0.0,3.0517492,47.594707,4.8,4.8,4.8,observed
2023-12-11 21:00:00,48.0,29.0,1087.0,,,,3.6,,False,False,False,False,False,0.0,-1.9929657,2.7733307,272.4065,282.23413,99256.875,255.77538,9.084137,-0.74349976,992.5687,0.0,3.4151537,50.201797,3.6,3.6,3.6,observed
2023-12-11 22:00:00,48.0,29.0,1087.0,,,,3.4,,False,False,False,False,False,0.0,-1.7603607,2.7185974,273.41138,282.1001,99274.31,273.14917,8.950104,0.26138306,992.7431,0.0,3.2387714,54.494835,3.4,3.4,3.4,observed
2023-12-11 23:00:00,48.0,29.0,1087.0,,,,3.7,,False,False,False,False,False,0.0,-1.3634186,2.204483,275.19385,280.7671,99305.25,196.86465,7.617096,2.0438538,993.0525,0.0,2.592037,67.79949,3.7,3.7,3.7,observed
2023-12-12 00:00:00,48.0,29.0,1087.0,,,,3.6,,False,False,False,False,False,0.0,-1.2105103,1.7493134,276.1338,279.70947,99316.81,120.59308,6.5594788,2.9837952,993.16815,0.0,2.1273065,77.924644,3.6,3.6,3.6,observed
2023-12-12 01:00:00,48.0,29.0,1087.0,,,,3.0,,False,False,False,False,False,0.0,-1.8284912,1.7508545,276.31152,279.3921,99272.625,83.92563,6.242096,3.1615295,992.72626,0.0,2.531575,80.65346,3.0,3.0,3.0,observed
2023-12-12 02:00:00,48.0,29.0,1087.0,,,,3.0,,False,False,False,False,False,0.0,-2.3426056,1.3237762,275.81104,277.7622,99283.375,62.598846,4.612213,2.6610413,992.83374,0.0,2.6907592,87.16584,3.0,3.0,3.0,observed
2023-12-12 03:00:00,48.0,29.0,1087.0,,,,2.9,,False,False,False,False,False,0.0,-2.3252563,0.42274475,275.58618,277.03687,99298.44,47.348236,3.8868713,2.4361877,992.9844,0.0,2.3633726,90.25616,2.9,2.9,2.9,observed
2023-12-12 04:00:00,48.0,29.0,1087.0,,,,3.1,,False,False,False,False,False,0.0,-1.8639984,-0.41749573,275.4436,276.83936,99323.125,36.00789,3.6893616,2.2936096,993.23126,0.0,1.9101813,90.59486,3.1,3.1,3.1,observed
2023-12-12 05:00:00,48.0,29.0,1087.0,,,,3.1,,False,False,False,False,False,0.0,-1.4615021,-0.8859253,275.97876,277.48853,99332.5,39.370956,4.3385315,2.8287659,993.325,0.0,1.70905,89.912895,3.1,3.1,3.1,observed
2023-12-12 06:00:00,48.0,29.0,1087.0,,,,3.3,,False,False,False,False,False,0.0,-1.6092072,-1.1600494,276.21558,278.04248,99373.0,50.17743,4.8924866,3.0655823,993.73,0.0,1.9837495,87.96307,3.3,3.3,3.3,observed
2023-12-12 07:00:00,48.0,29.0,1087.0,,,,3.4,,False,False,False,False,False,0.0,-1.8913574,-1.3662262,276.35107,278.2981,99421.375,65.770905,5.148102,3.2010803,994.21375,0.0,2.3331966,87.243286,3.4,3.4,3.4,observed
2023-12-12 08:00:00,48.0,29.0,1087.0,,,,3.5,,False,False,False,False,False,0.0,-2.3786774,-1.6582489,277.74194,280.43433,99476.125,84.04619,7.2843323,4.5919495,994.7612,0.0,2.899637,83.023056,3.5,3.5,3.5,observed
2023-12-12 09:00:00,48.0,29.0,1087.0,,,,3.7,,False,False,False,False,False,0.0,-2.607788,-1.2021179,279.04834,282.99316,99557.375,162.98877,9.84317,5.898346,995.5737,0.0,2.8715234,76.45828,3.7,3.7,3.7,observed
2023-12-12 10:00:00,48.0,29.0,1087.0,,,,5.4,,False,False,False,False,False,0.0,-2.9416046,-0.57536316,280.28052,285.46362,99595.81,272.969,12.313629,7.1305237,995.9581,0.0,2.9973457,70.64159,5.4,5.4,5.4,observed
2023-12-12 11:00:00,48.0,29.0,1087.0,,,,5.0,,False,False,False,False,False,0.0,-3.120453,-0.020126343,282.01758,289.3601,99609.25,426.27173,16.210114,8.867584,996.0925,0.0,3.120518,61.77901,5.0,5.0,5.0,observed
2023-12-12 12:00:00,48.0,29.0,1087.0,,,,4.4,,False,False,False,False,False,0.0,-3.4495392,0.7065735,282.42212,290.3684,99545.69,837.6675,17.218414,9.272125,995.45685,0.0,3.52116,59.54987,4.4,4.4,4.4,observed
2023-12-12 13:00:00,48.0,29.0,1087.0,,,,3.6,,False,False,False,False,False,0.0,-3.880783,1.8526917,282.96753,291.3081,99433.06,1345.4478,18.158112,9.817535,994.3306,0.0,4.300342,58.219505,3.6,3.6,3.6,observed
2023-12-12 14:00:00,48.0,29.0,1087.0,,,,3.7,,False,False,False,False,False,1.9550323e-05,-3.288208,3.671463,282.92725,292.21484,99340.56,1483.0378,19.06485,9.777252,993.40564,0.019550323,4.9286866,54.860146,3.7,3.7,3.7,observed
2023-12-12 15:00:00,48.0,29.0,1087.0,,,,3.7,,False,False,False,False,False,0.0,-3.23201,3.238556,283.00146,292.13867,99313.06,1481.3684,18.988678,9.851471,993.1306,0.0,4.575383,55.396175,3.7,3.7,3.7,observed
2023-12-12 16:00:00,48.0,29.0,1087.0,,,,4.1,,False,False,False,False,False,0.0,-2.8160706,2.3246765,283.08325,291.42383,99276.875,1365.9294,18.273834,9.933258,992.76874,0.0,3.6516263,58.24786,4.1,4.1,4.1,observed
2023-12-12 17:00:00,48.0,29.0,1087.0,,,,4.3,,False,False,False,False,False,5.2452087e-06,-2.9388123,2.0734558,283.14282,290.99805,99294.31,812.7339,17.848053,9.992828,992.9431,0.0052452087,3.5966425,60.06618,4.3,4.3,4.3,observed
2023-12-12 18:00:00,48.0,29.0,1087.0,,,,3.4,,False,False,False,False,False,0.0,-3.3194885,2.2864227,282.95337,290.61548,99355.69,851.37866,17.465485,9.803375,993.5569,0.0,4.0307236,60.756557,3.4,3.4,3.4,observed
2023-12-12 19:00:00,48.0,29.0,1087.0,,,,3.0,,False,False,False,False,False,0.0,-3.9386597,2.5473938,283.03906,290.25513,99394.375,942.1555,17.105133,9.889069,993.9437,0.0,4.690656,62.514095,3.0,3.0,3.0,observed
2023-12-12 20:00:00,48.0,29.0,1087.0,,,,2.8,,False,False,False,False,False,1.9073486e-06,-4.0660706,2.4491272,283.28296,289.6819,99451.06,898.3047,16.53189,10.132965,994.5106,0.0019073486,4.7466993,65.895584,2.8,2.8,2.8,observed
2023-12-12 21:00:00,48.0,29.0,1087.0,,,,2.9,,False,False,False,False,False,6.198883e-06,-4.058777,2.0798035,283.33154,289.1316,99485.375,816.4756,15.981598,10.181549,994.85376,0.006198883,4.56062,68.46874,2.9,2.9,2.9,observed
2023-12-12 22:00:00,48.0,29.0,1087.0,,,,3.2,,False,False,False,False,False,6.67572e-06,-4.068924,1.4879608,283.65698,288.38794,99510.44,669.6638,15.237946,10.506989,995.1044,0.00667572,4.3324556,73.384026,3.2,3.2,3.2,observed
2023-12-12 23:00:00,48.0,29.0,1087.0,,,,3.8,,False,False,False,False,False,1.1920929e-05,-4.065735,0.9832916,284.1521,287.07178,99556.125,606.7876,13.921783,11.002106,995.5613,0.011920929,4.1829486,82.56472,3.8,3.8,3.8,observed
2023-12-13 00:00:00,48.0,29.0,1087.0,,,,4.2,,False,False,False,False,False,1.001358e-05,-4.120117,0.26353455,284.09692,286.594,99536.94,549.6675,13.444,10.94693,995.3694,0.01001358,4.1285367,84.85747,4.2,4.2,4.2,observed
2023-12-13 01:00:00,48.0,29.0,1087.0,,,,4.3,,False,False,False,False,False,2.670288e-05,-4.2183228,-0.18408203,284.2915,286.46094,99470.0,520.3386,13.310944,11.14151,994.7,0.02670288,4.2223372,86.708534,4.3,4.3,4.3,observed
2023-12-13 02:00:00,48.0,29.0,1087.0,,,,4.5,,False,False,False,False,False,5.8174133e-05,-4.173172,-0.18034363,284.18848,286.33984,99481.875,507.96265,13.18985,11.038483,994.8187,0.058174133,4.1770673,86.80079,4.5,4.5,4.5,observed
2023-12-13 03:00:00,48.0,29.0,1087.0,,,,4.9,,False,False,False,False,False,1.1920929e-05,-4.17157,-0.20111084,283.86694,286.40454,99463.94,498.20093,13.254547,10.716949,994.6394,0.011920929,4.176415,84.60838,4.9,4.9,4.9,observed
2023-12-13 04:00:00,48.0,29.0,1087.0,,,,5.0,,False,False,False,False,False,2.3841858e-06,-4.0497437,-0.67630005,283.7578,286.3269,99449.56,423.3911,13.17691,10.607819,994.4956,0.0023841858,4.105826,84.42258,5.0,5.0,5.0,observed
2023-12-13 05:00:00,48.0,29.0,1087.0,,,,5.2,,False,False,False,False,False,9.536743e-07,-4.0578003,-0.81399536,283.646,286.46826,99453.0,401.6704,13.318268,10.496002,994.53,0.0009536743,4.138639,83.02719,5.2,5.2,5.2,observed
2023-12-13 06:00:00,48.0,29.0,1087.0,,,,5.1,,False,False,False,False,False,1.9073486e-06,-4.0187683,-0.7279663,283.71094,286.7268,99489.25,403.85864,13.576813,10.560944,994.8925,0.0019073486,4.084169,81.995125,5.1,5.1,5.1,observed
2023-12-13 07:00:00,48.0,29.0,1087.0,,,,5.1,,False,False,False,False,False,7.6293945e-06,-4.323593,-0.68341064,283.78955,286.9497,99558.875,463.11792,13.799713,10.639557,995.58875,0.0076293945,4.3772717,81.239975,5.1,5.1,5.1,observed
2023-12-13 08:00:00,48.0,29.0,1087.0,,,,4.5,,False,False,False,False,False,0.0003232956,-4.6112976,-0.60876465,284.12598,286.23047,99655.0,495.2732,13.080475,10.975983,996.55,0.3232956,4.651307,87.0608,4.5,4.5,4.5,observed
2023-12-13 09:00:00,48.0,29.0,1087.0,,,,4.4,,False,False,False,False,False,0.00051498413,-4.826111,-0.67622375,284.81958,285.83032,99702.375,515.9114,12.680328,11.669586,997.02374,0.51498413,4.873256,93.56893,4.4,4.4,4.4,observed
2023-12-13 10:00:00,48.0,29.0,1087.0,,,,4.4,,False,False,False,False,False,0.00077056885,-5.2231903,-0.9324188,285.11133,285.5027,99779.125,546.3384,12.352692,11.961334,997.79126,0.77056885,5.3057632,97.45873,4.4,4.4,4.4,observed
2023-12-13 11:00:00,48.0,29.0,1087.0,,,,4.6,,False,False,False,False,False,0.0005750656,-5.6161346,-1.111557,285.37817,285.84546,99796.06,583.26416,12.695465,12.22818,997.96063,0.5750656,5.7250786,96.98032,4.6,4.6,4.6,observed
2023-12-13 12:00:00,48.0,29.0,1087.0,,,,5.9,,False,False,False,False,False,0.00046730042,-5.2784424,-1.3474731,285.51953,285.72803,99750.125,563.89355,12.578033,12.369537,997.5012,0.46730042,5.4477186,98.64134,5.9,5.9,5.9,observed
2023-12-13 13:00:00,48.0,29.0,1087.0,,,,5.85,,False,False,False,False,False,0.00040340424,-4.3987274,-1.5540924,285.47266,285.9602,99653.81,493.7185,12.810211,12.322662,996.53815,0.40340424,4.6651907,96.854004,,,5.85,short_interp
2023-12-13 14:00:00,48.0,29.0,1087.0,,,,5.8,,False,False,False,False,False,7.05719e-05,-4.023575,-1.696701,285.49414,286.39355,99571.19,415.73413,13.243561,12.344147,995.71185,0.0705719,4.366686,94.28347,5.8,5.8,5.8,observed
2023-12-13 15:00:00,48.0,29.0,1087.0,,,,5.7,,False,False,False,False,False,5.722046e-06,-3.8159943,-1.8181763,284.97754,286.3872,99537.94,376.9348,13.237213,11.827545,995.3794,0.005722046,4.2270055,91.16964,5.7,5.7,5.7,observed
2023-12-13 16:00:00,48.0,29.0,1087.0,,,,5.6,,False,False,False,False,False,0.0,-3.5894623,-2.443344,283.58472,286.0869,99513.5,356.5625,12.93692,10.434723,995.135,0.0,4.342139,84.772964,5.6,5.6,5.6,observed
2023-12-13 17:00:00,48.0,29.0,1087.0,,,,5.6,,False,False,False,False,False,0.0,-3.3369598,-2.7036133,282.61328,285.89795,99503.19,352.53052,12.747955,9.463287,995.03186,0.0,4.294744,80.424866,5.6,5.6,5.6,observed
2023-12-13 18:00:00,48.0,29.0,1087.0,,,,6.4,,False,False,False,False,False,0.0,-3.6980438,-2.4293518,281.95337,285.82983,99546.06,383.16333,12.67984,8.803375,995.46063,0.0,4.4246216,77.271996,6.4,6.4,6.4,observed
2023-12-13 19:00:00,48.0,29.0,1087.0,,,,6.9,,False,False,False,False,False,0.0,-4.10347,-2.3395844,280.92676,285.7378,99601.44,425.3667,12.587799,7.776764,996.0144,0.0,4.7235703,72.511444,6.9,6.9,6.9,observed
2023-12-13 20:00:00,48.0,29.0,1087.0,,,,5.9,,False,False,False,False,False,0.0,-4.2948,-2.426056,279.56348,285.6206,99635.69,423.6455,12.470612,6.4134827,996.3569,0.0,4.9326515,66.55938,5.9,5.9,5.9,observed
2023-12-13 21:00:00,48.0,29.0,1087.0,,,,5.7,,False,False,False,False,False,0.0,-4.84346,-2.2327576,278.74414,285.55396,99679.625,463.6814,12.403961,5.5941467,996.79626,0.0,5.333321,63.173286,5.7,5.7,5.7,observed
2023-12-13 22:00:00,48.0,29.0,1087.0,,,,6.4,,False,False,False,False,False,0.0,-4.7943115,-2.162094,278.84277,285.50195,99708.5,437.1765,12.351959,5.6927795,997.085,0.0,5.2592845,63.82391,6.4,6.4,6.4,observed
2023-12-13 23:00:00,48.0,29.0,1087.0,,,,7.2,,False,False,False,False,False,0.0,-4.4188995,-2.2543945,278.5244,284.96216,99709.69,402.2893,11.812164,5.37442,997.09686,0.0,4.9607425,64.68845,7.2,7.2,7.2,observed
2023-12-14 00:00:00,48.0,29.0,1087.0,,,,7.1,,False,False,False,False,False,0.0,-4.192093,-1.6756134,278.8711,284.64648,99714.0,405.16528,11.4964905,5.7211,997.14,0.0,4.514568,67.65756,7.1,7.1,7.1,observed
2023-12-14 01:00:00,48.0,29.0,1087.0,,,,7.3,,False,False,False,False,False,2.861023e-05,-3.7409668,-1.6499329,278.9878,284.09448,99695.44,399.62354,10.944489,5.837799,996.95435,0.02861023,4.0886564,70.74691,7.3,7.3,7.3,observed
2023-12-14 02:00:00,48.0,29.0,1087.0,,,,7.6,,False,False,False,False,False,0.0,-3.3710938,-1.8388672,279.1587,283.72266,99669.75,364.57568,10.572662,6.0086975,996.6975,0.0,3.8400137,73.37963,7.6,7.6,7.6,observed
2023-12-14 03:00:00,48.0,29.0,1087.0,,,,9.2,,False,False,False,False,False,4.2915344e-05,-3.3298035,-1.9820557,278.92407,283.67212,99691.69,361.42383,10.522125,5.7740784,996.9169,0.042915344,3.875066,72.44259,9.2,9.2,9.2,observed
2023-12-14 04:00:00,48.0,29.0,1087.0,,,,12.6,,False,False,False,False,False,0.0,-3.1109772,-2.5624084,278.92114,283.80908,99621.94,309.87817,10.659088,5.7711487,996.21936,0.0,4.030399,71.77034,12.6,12.6,12.6,observed
2023-12-14 05:00:00,48.0,29.0,1087.0,,,,14.9,,False,False,False,False,False,0.0005168915,-2.7722778,-2.2056732,278.59668,283.69092,99626.31,280.98877,10.540924,5.446686,996.2631,0.5168915,3.5426712,70.72923,14.9,14.9,14.9,observed
2023-12-14 06:00:00,48.0,29.0,1087.0,,,,14.2,,False,False,False,False,False,0.000207901,-3.0343628,-2.3439636,278.84277,283.50146,99633.94,272.83887,10.351471,5.6927795,996.33936,0.207901,3.8342564,72.86037,14.2,14.2,14.2,observed
2023-12-14 07:00:00,48.0,29.0,1087.0,,,,13.3,,False,False,False,False,False,0.00018978119,-3.0491638,-2.3664703,278.6255,283.55615,99673.0,267.5581,10.406158,5.4754944,996.73,0.18978119,3.8597386,71.51016,13.3,13.3,13.3,observed
2023-12-14 08:00:00,48.0,29.0,1087.0,,,,11.8,,False,False,False,False,False,1.6212463e-05,-3.3054047,-2.412033,278.74683,284.06543,99705.625,292.72046,10.915436,5.5968323,997.0563,0.016212463,4.0918946,69.710976,11.8,11.8,11.8,observed
2023-12-14 09:00:00,48.0,29.0,1087.0,,,,10.3,,False,False,False,False,False,5.8174133e-05,-3.625763,-2.223053,278.9297,284.0266,99723.69,335.23267,10.876617,5.7796936,997.2369,0.058174133,4.253013,70.7815,10.3,10.3,10.3,observed
2023-12-14 10:00:00,48.0,29.0,1087.0,,,,10.0,,False,False,False,False,False,8.392334e-05,-3.710556,-1.9843597,278.84204,284.1167,99731.56,363.53906,10.966705,5.692047,997.3156,0.08392334,4.207839,69.93373,10.0,10.0,10.0,observed
2023-12-14 11:00:00,48.0,29.0,1087.0,,,,9.5,,False,False,False,False,False,0.0001282692,-3.664383,-1.6628113,280.0193,285.56836,99715.875,397.20068,12.4183655,6.869293,997.15875,0.1282692,4.0240083,68.91287,9.5,9.5,9.5,observed
2023-12-14 12:00:00,48.0,29.0,1087.0,,,,9.436363636363636,,False,False,False,False,False,7.6293945e-06,-3.5861359,-1.2947388,280.5327,286.4436,99614.625,435.3838,13.29361,7.382721,996.14624,0.0076293945,3.812705,67.40578,,,9.436363636363636,short_interp
2023-12-14 13:00:00,48.0,29.0,1087.0,,,,9.372727272727273,,False,False,False,False,False,0.0,-3.5762634,-0.6867981,281.37695,287.41748,99478.19,487.5996,14.267487,8.226959,994.78186,0.0,3.641614,67.01756,,,9.372727272727273,short_interp
2023-12-14 14:00:00,48.0,29.0,1087.0,,,,4.2,,False,False,False,False,False,4.7683716e-07,-3.3413696,-0.1546936,283.1477,289.1421,99374.19,543.29175,15.992096,9.997711,993.7419,0.00047683716,3.3449488,67.58708,,,4.2,long_seasonal
2023-12-14 15:00:00,48.0,29.0,1087.0,,,,3.7,,False,False,False,False,False,9.536743e-07,-3.2328644,0.24177551,283.93335,290.44482,99312.06,621.00854,17.29483,10.783356,993.1206,0.0009536743,3.2418926,65.56641,,,3.7,long_seasonal
2023-12-14 16:00:00,48.0,29.0,1087.0,,,,4.0,,False,False,False,False,False,0.0,-2.480072,0.07249451,285.0298,290.57422,99278.0,479.31396,17.424225,11.879791,992.78,0.0,2.4811313,69.92866,,,4.0,long_seasonal
2023-12-14 17:00:00,48.0,29.0,1087.0,,,,4.6,,False,False,False,False,False,0.0,-1.3675232,-0.008270264,285.49146,290.51685,99272.56,398.58105,17.366852,12.341461,992.72565,0.0,1.3675482,72.34715,,,4.6,long_seasonal
2023-12-14 18:00:00,48.0,29.0,1087.0,,,,4.9,,False,False,False,False,False,9.536743e-07,-1.5604401,-0.33514404,285.91284,290.59546,99264.625,113.77042,17.445465,12.762848,992.64624,0.0009536743,1.5960248,74.005714,,,4.9,long_seasonal
2023-12-14 19:00:00,48.0,29.0,1087.0,,,,6.1,,False,False,False,False,False,1.9073486e-06,-2.0366821,-0.19116211,286.10156,290.49512,99267.06,136.83057,17.345123,12.951569,992.67065,0.0019073486,2.0456336,75.40131,,,6.1,long_seasonal
2023-12-14 20:00:00,48.0,29.0,1087.0,,,,5.1,,False,False,False,False,False,2.861023e-06,-2.8762512,0.19055176,286.48926,290.44995,99248.25,269.9729,17.299957,13.339264,992.4825,0.002861023,2.8825564,77.554634,,,5.1,long_seasonal
2023-12-14 21:00:00,48.0,29.0,1087.0,,,,5.0,,False,False,False,False,False,3.8146973e-06,-3.8161316,0.8593292,286.56396,290.05054,99241.44,589.96826,16.900543,13.413971,992.41437,0.0038146973,3.9116886,79.92846,,,5.0,long_seasonal
2023-12-14 22:00:00,48.0,29.0,1087.0,,,,5.0,,False,False,False,False,False,1.9073486e-06,-3.9989624,1.1661835,286.62402,289.50854,99252.06,580.99146,16.358551,13.47403,992.5206,0.0019073486,4.1655354,83.05262,,,5.0,long_seasonal
2023-12-14 23:00:00,48.0,29.0,1087.0,,,,5.2,,False,False,False,False,False,4.2915344e-06,-3.9799805,1.2285309,286.57324,288.70752,99235.81,530.75024,15.557526,13.423248,992.35815,0.0042915344,4.165277,87.122894,,,5.2,long_seasonal
2023-12-15 00:00:00,48.0,29.0,1087.0,,,,4.2,,False,False,False,False,False,1.9073486e-06,-3.9007874,1.1935272,286.4746,287.92603,99189.81,487.1792,14.7760315,13.3246155,991.89813,0.0019073486,4.079295,91.022316,,,4.2,long_seasonal
2023-12-15 01:00:00,48.0,29.0,1087.0,,,,4.3,,False,False,False,False,False,2.2888184e-05,-3.650238,0.951004,286.58105,288.11035,99189.06,465.34473,14.960358,13.431061,991.8906,0.022888184,3.7720878,90.57417,,,4.3,long_seasonal
2023-12-15 02:00:00,48.0,29.0,1087.0,,,,4.3,,False,False,False,False,False,2.193451e-05,-3.1352234,0.56785583,286.37134,287.67017,99171.625,441.69507,14.520172,13.221344,991.71625,0.02193451,3.1862338,91.9161,,,4.3,long_seasonal
2023-12-15 03:00:00,48.0,29.0,1087.0,,,,4.2,,False,False,False,False,False,1.2397766e-05,-2.8912964,0.11164856,286.2046,287.4126,99152.56,368.77075,14.262604,13.054596,991.52563,0.012397766,2.8934512,92.44749,,,4.2,long_seasonal
2023-12-15 04:00:00,48.0,29.0,1087.0,,,,4.0,,False,False,False,False,False,3.0994415e-05,-2.0034943,-1.3645172,286.66455,287.6267,99031.625,208.04236,14.476715,13.514557,990.3162,0.030994415,2.4240248,93.95227,,,4.0,long_seasonal
2023-12-15 05:00:00,48.0,29.0,1087.0,,,,4.3,,False,False,False,False,False,5.4836273e-05,-2.1309052,-1.5582733,286.5813,287.45312,98997.5,191.01741,14.303131,13.431305,989.975,0.054836273,2.6398811,94.49881,,,4.3,long_seasonal
2023-12-15 06:00:00,48.0,29.0,1087.0,,,,3.6,,False,False,False,False,False,2.3841858e-05,-2.3674774,-1.2825012,286.44067,287.24976,99022.625,190.99277,14.099762,13.29068,990.22626,0.023841858,2.6925375,94.87775,,,3.6,long_seasonal
2023-12-15 07:00:00,48.0,29.0,1087.0,,,,4.3,,False,False,False,False,False,1.7166138e-05,-2.4571533,-0.89749146,286.53564,287.36353,99024.625,191.03387,14.2135315,13.385651,990.2463,0.017166138,2.6159308,94.76604,,,4.3,long_seasonal
2023-12-15 08:00:00,48.0,29.0,1087.0,,,,4.5,,False,False,False,False,False,2.9563904e-05,-2.3838959,-0.7571564,286.8777,287.46362,99083.69,191.4878,14.313629,13.727692,990.83685,0.029563904,2.5012486,96.27294,,,4.5,long_seasonal
2023-12-15 09:00:00,48.0,29.0,1087.0,,,,3.9,,False,False,False,False,False,6.484985e-05,-2.314911,-0.5875244,287.0088,287.76343,99130.81,189.84752,14.613434,13.858795,991.3081,0.06484985,2.3883042,95.23365,,,3.9,long_seasonal
2023-12-15 10:00:00,48.0,29.0,1087.0,,,,4.0,,False,False,False,False,False,2.2888184e-05,-1.9964142,-0.7108612,287.5713,288.40308,99179.75,166.8775,15.253082,14.421295,991.7975,0.022888184,2.1191964,94.78311,,,4.0,long_seasonal
2023-12-15 11:00:00,48.0,29.0,1087.0,,,,4.6,,False,False,False,False,False,1.9550323e-05,-1.8055267,-0.59947205,287.81982,288.90527,99165.81,160.09502,15.75528,14.66983,991.65814,0.019550323,1.9024441,93.26591,,,4.6,long_seasonal
2023-12-15 12:00:00,48.0,29.0,1087.0,,,,4.8,,False,False,False,False,False,1.2397766e-05,-1.7928162,0.019256592,288.12354,289.34497,99076.625,151.28777,16.194977,14.973541,990.76624,0.012397766,1.7929195,92.4757,,,4.8,long_seasonal
2023-12-15 13:00:00,48.0,29.0,1087.0,,,,4.5,,False,False,False,False,False,5.2452087e-06,-1.6175232,0.507782,288.4275,289.74487,98972.31,180.14001,16.59488,15.277496,989.72314,0.0052452087,1.6953535,91.93027,,,4.5,long_seasonal
2023-12-15 14:00:00,48.0,29.0,1087.0,,,,4.2,,False,False,False,False,False,3.4809113e-05,-0.8928833,0.37091064,288.5996,290.46265,98907.375,171.07454,17.312653,15.4496155,989.0737,0.034809113,0.96685845,88.817795,,,4.2,long_seasonal
2023-12-15 15:00:00,48.0,29.0,1087.0,,,,3.7,,False,False,False,False,False,0.00031995773,-0.16381836,-0.1855011,288.71997,291.13013,98917.375,100.11063,17.980133,15.569977,989.17377,0.31995773,0.24748154,85.81776,,,3.7,long_seasonal
2023-12-15 16:00:00,48.0,29.0,1087.0,,,,4.0,,False,False,False,False,False,0.00024032593,0.50712585,-0.8916931,289.48096,290.12646,98934.69,219.70738,16.97647,16.330963,989.34686,0.24032593,1.0258135,95.9829,,,4.0,long_seasonal
2023-12-15 17:00:00,48.0,29.0,1087.0,,,,4.6,,False,False,False,False,False,0.000333786,-0.24537659,-1.7658081,289.261,289.55786,98966.875,226.85973,16.407867,16.110992,989.66876,0.333786,1.7827754,98.126396,,,4.6,long_seasonal
2023-12-15 18:00:00,48.0,29.0,1087.0,,,,4.9,,False,False,False,False,False,0.00044870377,-0.44039917,-3.0206757,289.4292,289.66846,98987.625,413.76733,16.518463,16.279205,989.8762,0.44870377,3.0526109,98.48888,,,4.9,long_seasonal
2023-12-15 19:00:00,48.0,29.0,1087.0,,,,6.1,,False,False,False,False,False,0.0002965927,-0.69117737,-3.7973328,288.85938,289.37402,99036.56,477.68652,16.22403,15.709381,990.3656,0.2965927,3.859723,96.7672,,,6.1,long_seasonal
2023-12-15 20:00:00,48.0,29.0,1087.0,,,,5.1,,False,False,False,False,False,0.00016498566,-0.7753296,-3.736374,287.938,288.42236,99085.06,425.24707,15.272369,14.787994,990.85065,0.16498566,3.81597,96.93264,,,5.1,long_seasonal
2023-12-15 21:00:00,48.0,29.0,1087.0,,,,5.0,,False,False,False,False,False,0.00022649765,-0.25975037,-3.9718475,287.4751,288.08813,99173.75,472.5891,14.938141,14.325104,991.7375,0.22649765,3.9803321,96.122055,,,5.0,long_seasonal
2023-12-15 22:00:00,48.0,29.0,1087.0,,,,5.0,,False,False,False,False,False,0.00011396408,-0.24163818,-3.936676,286.93726,287.78345,99175.94,467.70532,14.633453,13.787262,991.7594,0.11396408,3.9440851,94.67002,,,5.0,long_seasonal
2023-12-15 23:00:00,48.0,29.0,1087.0,,,,5.2,,False,False,False,False,False,3.0517578e-05,-0.17834473,-4.0779114,285.49927,286.37915,99207.56,444.8545,13.2291565,12.349274,992.0756,0.030517578,4.0818095,94.40388,,,5.2,long_seasonal
2023-12-16 00:00:00,48.0,29.0,1087.0,,,,4.2,,False,False,False,False,False,9.536743e-07,0.023376465,-4.436142,284.64746,285.82715,99218.69,450.15967,12.677155,11.497467,992.1869,0.0009536743,4.4362035,92.53013,,,4.2,long_seasonal
2023-12-16 01:00:00,48.0,29.0,1087.0,,,,4.3,,False,False,False,False,False,0.0,0.13711548,-4.40419,283.73853,284.92358,99202.625,441.55737,11.77359,10.5885315,992.02625,0.0,4.406324,92.44592,,,4.3,long_seasonal
2023-12-16 02:00:00,48.0,29.0,1087.0,,,,4.3,,False,False,False,False,False,0.0,0.40237427,-4.4275513,281.90454,283.29028,99206.625,439.04248,10.140289,8.754547,992.0662,0.0,4.4457974,91.10899,,,4.3,long_seasonal
2023-12-16 03:00:00,48.0,29.0,1087.0,,,,4.2,,False,False,False,False,False,0.0,0.6021881,-4.512741,281.01807,282.2417,99185.81,440.09082,9.091705,7.8680725,991.85815,0.0,4.5527425,92.04851,,,4.2,long_seasonal
2023-12-16 04:00:00,48.0,29.0,1087.0,,,,4.0,,False,False,False,False,False,0.0,0.45074463,-3.776291,278.61084,280.79614,99200.56,352.52905,7.6461487,5.460846,992.0056,0.0,3.8030965,86.04792,,,4.0,long_seasonal
2023-12-16 05:00:00,48.0,29.0,1087.0,,,,4.3,,False,False,False,False,False,0.0,0.65852356,-3.421753,278.135,280.8015,99178.625,291.98828,7.65152,4.985016,991.78625,0.0,3.4845438,83.218376,,,4.3,long_seasonal
2023-12-16 06:00:00,48.0,29.0,1087.0,,,,3.6,,False,False,False,False,False,0.0,0.78608704,-2.9269867,278.14746,280.8213,99222.125,230.34988,7.671295,4.997467,992.22125,0.0,3.030707,83.17837,,,3.6,long_seasonal
2023-12-16 07:00:00,48.0,29.0,1087.0,,,,4.3,,False,False,False,False,False,0.0,0.9344349,-2.8023682,278.16016,280.65112,99269.06,227.57417,7.501129,5.0101624,992.6906,0.0,2.954054,84.22365,,,4.3,long_seasonal
2023-12-16 08:00:00,48.0,29.0,1087.0,,,,4.5,,False,False,False,False,False,0.0,1.2049885,-3.0773773,278.49878,281.4961,99318.125,296.2151,8.3461,5.3487854,993.1813,0.0,3.3048825,81.414215,,,4.5,long_seasonal
2023-12-16 09:00:00,48.0,29.0,1087.0,,,,3.9,,False,False,False,False,False,0.0,1.2479572,-3.1418457,278.5642,283.33398,99383.375,493.7058,10.1839905,5.414215,993.83374,0.0,3.38062,72.27055,,,3.9,long_seasonal
2023-12-16 10:00:00,48.0,29.0,1087.0,,,,4.0,,False,False,False,False,False,0.0,1.0728636,-4.052124,277.97656,285.04956,99410.69,628.469,11.899567,4.8265686,994.1069,0.0,4.191747,61.911564,,,4.0,long_seasonal
2023-12-16 11:00:00,48.0,29.0,1087.0,,,,4.6,,False,False,False,False,False,0.0,0.539237,-4.8506317,277.1997,288.1023,99372.5,741.3596,14.952301,4.049713,993.725,0.0,4.8805127,48.0651,,,4.6,long_seasonal
2023-12-16 12:00:00,48.0,29.0,1087.0,,,,4.8,,False,False,False,False,False,0.0,0.37412357,-4.8981476,276.66602,289.1599,99261.81,828.7124,16.009918,3.5160217,992.6181,0.0,4.9124146,43.26068,,,4.8,long_seasonal
2023-12-16 13:00:00,48.0,29.0,1087.0,,,,4.5,,False,False,False,False,False,0.0,0.6538696,-4.3492737,276.25244,289.94873,99127.69,884.584,16.798737,3.1024475,991.27686,0.0,4.3981504,39.958973,,,4.5,long_seasonal
2023-12-16 14:00:00,48.0,29.0,1087.0,,,,4.2,,False,False,False,False,False,0.0,1.1408997,-3.6214294,275.85938,291.58936,99030.81,905.19653,18.439362,2.709381,990.3081,0.0,3.7968938,35.043198,,,4.2,long_seasonal
2023-12-16 15:00:00,48.0,29.0,1087.0,,,,3.7,,False,False,False,False,False,0.0,1.7931671,-3.2284698,275.86353,292.23633,98982.94,942.0869,19.086334,2.7135315,989.82935,0.0,3.6930294,33.664436,,,3.7,long_seasonal
2023-12-16 16:00:00,48.0,29.0,1087.0,,,,4.0,,False,False,False,False,False,0.0,1.70755,-2.3068542,276.05957,291.2688,98932.94,956.1577,18.118805,2.9095764,989.32935,0.0,2.8700702,36.265884,,,4.0,long_seasonal
2023-12-16 17:00:00,48.0,29.0,1087.0,,,,4.6,,False,False,False,False,False,0.0,0.9367523,-1.6108398,277.53418,290.11548,98965.94,166.59325,16.965485,4.384186,989.65936,0.0,1.8634135,43.26886,,,4.6,long_seasonal
2023-12-16 18:00:00,48.0,29.0,1087.0,,,,4.9,,False,False,False,False,False,0.0,0.7608948,-2.3246765,277.3911,287.07422,98988.06,55.563416,13.924225,4.2411194,989.8806,0.0,2.446034,52.06035,,,4.9,long_seasonal
2023-12-16 19:00:00,48.0,29.0,1087.0,,,,6.1,,False,False,False,False,False,0.0,0.287735,-2.215332,277.17944,285.87354,99048.125,52.025726,12.723541,4.0294495,990.48126,0.0,2.23394,55.46876,,,6.1,long_seasonal
2023-12-16 20:00:00,48.0,29.0,1087.0,,,,5.1,,False,False,False,False,False,0.0,0.2645874,-2.4754944,276.53857,282.93066,99106.25,66.69377,9.78067,3.3885803,991.0625,0.0,2.489594,64.43668,,,5.1,long_seasonal
2023-12-16 21:00:00,48.0,29.0,1087.0,,,,5.0,,False,False,False,False,False,0.0,0.34172058,-2.4407196,276.2141,282.24512,99158.69,74.59262,9.095123,3.0641174,991.58685,0.0,2.4645255,65.94584,,,5.0,long_seasonal
2023-12-16 22:00:00,48.0,29.0,1087.0,,,,5.0,,False,False,False,False,False,0.0,0.61061096,-2.260849,275.86328,281.7583,99171.69,69.72432,8.608307,2.7132874,991.71686,0.0,2.3418548,66.47673,,,5.0,long_seasonal
2023-12-16 23:00:00,48.0,29.0,1087.0,,,,5.2,,False,False,False,False,False,0.0,0.9321289,-2.0735474,275.27026,280.1753,99178.125,62.22267,7.025299,2.1202698,991.78125,0.0,2.2734253,70.98338,,,5.2,long_seasonal
2023-12-17 00:00:00,48.0,29.0,1087.0,,,,4.2,,False,False,False,False,False,0.0,1.0744934,-1.8401642,274.97144,279.49097,99151.75,56.018753,6.340973,1.8214417,991.5175,0.0,2.1309013,72.83003,,,4.2,long_seasonal
2023-12-17 01:00:00,48.0,29.0,1087.0,,,,4.3,,False,False,False,False,False,0.0,1.1529236,-1.733017,275.12842,279.53906,99100.56,50.79779,6.3890686,1.9784241,991.0056,0.0,2.0814853,73.40739,,,4.3,long_seasonal
2023-12-17 02:00:00,48.0,29.0,1087.0,,,,4.3,,False,False,False,False,False,0.0,1.3375702,-1.7228394,273.99146,277.86108,99058.375,49.18918,4.71109,0.8414612,990.58374,0.0,2.1811166,76.00771,,,4.3,long_seasonal
2023-12-17 03:00:00,48.0,29.0,1087.0,,,,4.2,,False,False,False,False,False,0.0,1.4897766,-1.6926117,274.073,277.65454,99028.75,48.938553,4.504547,0.92300415,990.2875,0.0,2.2548544,77.566185,,,4.2,long_seasonal
2023-12-17 04:00:00,48.0,29.0,1087.0,,,,4.0,,False,False,False,False,False,0.0,1.1652069,-1.635086,273.82788,275.7893,98984.625,42.065414,2.6393127,0.67788696,989.84625,0.0,2.0077882,86.90792,,,4.0,long_seasonal
2023-12-17 05:00:00,48.0,29.0,1087.0,,,,4.3,,False,False,False,False,False,0.0,0.8968353,-1.5328827,273.7705,275.76758,98952.875,38.37326,2.6175842,0.6205139,989.52875,0.0,1.7759626,86.68257,,,4.3,long_seasonal
2023-12-17 06:00:00,48.0,29.0,1087.0,,,,3.6,,False,False,False,False,False,0.0,0.7536621,-1.2720795,273.886,275.72583,98966.125,33.687714,2.5758362,0.73599243,989.66125,0.0,1.478578,87.66691,,,3.6,long_seasonal
2023-12-17 07:00:00,48.0,29.0,1087.0,,,,4.3,,False,False,False,False,False,0.0,0.6235657,-1.0925446,273.73364,275.5857,99015.06,30.457428,2.4356995,0.5836487,990.15063,0.0,1.2579696,87.5765,,,4.3,long_seasonal
2023-12-17 08:00:00,48.0,29.0,1087.0,,,,4.5,,False,False,False,False,False,0.0,0.511261,-0.67149353,274.56348,277.0891,99027.125,15.565572,3.9391174,1.4134827,990.27124,0.0,0.8439736,83.59446,,,4.5,long_seasonal
2023-12-17 09:00:00,48.0,29.0,1087.0,,,,3.9,,False,False,False,False,False,0.0,1.1655731,-0.50109863,276.48413,280.6902,99050.625,29.891296,7.5401917,3.334137,990.5062,0.0,1.268724,74.68905,,,3.9,long_seasonal
2023-12-17 10:00:00,48.0,29.0,1087.0,,,,4.0,,False,False,False,False,False,0.0,0.9552002,0.5783386,277.74487,285.26562,99100.25,156.32346,12.115631,4.594879,991.0025,0.0,1.1166391,60.05795,,,4.0,long_seasonal
2023-12-17 11:00:00,48.0,29.0,1087.0,,,,4.6,,False,False,False,False,False,0.0,1.2782898,1.3778839,277.1067,289.84326,99033.125,353.15845,16.693268,3.9566956,990.33124,0.0,1.8795183,42.72294,,,4.6,long_seasonal
2023-12-17 12:00:00,48.0,29.0,1087.0,,,,4.8,,False,False,False,False,False,0.0,1.4464874,1.7544098,276.76025,291.2754,98909.69,497.78076,18.125397,3.61026,989.09686,0.0,2.273825,38.089565,,,4.8,long_seasonal
2023-12-17 13:00:00,48.0,29.0,1087.0,,,,4.5,,False,False,False,False,False,0.0,1.6812592,2.0035706,276.5962,291.9209,98794.69,610.021,18.770905,3.4461975,987.9469,0.0,2.6155167,36.159557,,,4.5,long_seasonal
2023-12-17 14:00:00,48.0,29.0,1087.0,,,,4.2,,False,False,False,False,False,0.0,1.9324646,2.127243,275.97192,293.8418,98680.81,681.8977,20.691803,2.82193,986.8081,0.0,2.873949,30.7118,,,4.2,long_seasonal
2023-12-17 15:00:00,48.0,29.0,1087.0,,,,3.7,,False,False,False,False,False,0.0,2.116516,2.172943,275.9436,294.27393,98633.56,708.70435,21.123932,2.7936096,986.33563,0.0,3.033368,29.846582,,,3.7,long_seasonal
2023-12-17 16:00:00,48.0,29.0,1087.0,,,,4.0,,False,False,False,False,False,0.0,1.401886,1.7324524,276.6819,292.9751,98578.44,727.2981,19.825104,3.5318909,985.78436,0.0,2.228604,34.068222,,,4.0,long_seasonal
2023-12-17 17:00:00,48.0,29.0,1087.0,,,,4.6,,False,False,False,False,False,0.0,0.6130829,1.8946686,277.8401,292.1897,98578.75,110.21022,19.039703,4.690094,985.7875,0.0,1.9913914,38.80004,,,4.6,long_seasonal
2023-12-17 18:00:00,48.0,29.0,1087.0,,,,4.9,,False,False,False,False,False,0.0,0.9854584,2.3536682,278.2627,289.1289,98601.0,61.779205,15.978912,5.1127014,986.01,0.0,2.5516431,48.47316,,,4.9,long_seasonal
2023-12-17 19:00:00,48.0,29.0,1087.0,,,,6.1,,False,False,False,False,False,0.0,1.360321,2.1851196,277.88135,286.3921,98646.75,56.746918,13.242096,4.7313538,986.4675,0.0,2.5739505,56.319862,,,6.1,long_seasonal
2023-12-17 20:00:00,48.0,29.0,1087.0,,,,5.1,,False,False,False,False,False,0.0,1.7337494,2.0174866,277.86987,284.2871,98685.81,49.805984,11.1371155,4.719879,986.85815,0.0,2.6601014,64.62924,,,5.1,long_seasonal
2023-12-17 21:00:00,48.0,29.0,1087.0,,,,5.0,,False,False,False,False,False,0.0,2.0672302,1.371872,277.49707,283.21753,98741.69,44.042633,10.067535,4.3470764,987.4169,0.0,2.4810226,67.61494,,,5.0,long_seasonal
2023-12-17 22:00:00,48.0,29.0,1087.0,,,,5.0,,False,False,False,False,False,0.0,2.4496155,0.43296814,277.3047,283.03516,98807.625,45.029602,9.885162,4.1546936,988.07623,0.0,2.4875846,67.52893,,,5.0,long_seasonal
2023-12-17 23:00:00,48.0,29.0,1087.0,,,,5.2,,False,False,False,False,False,0.0,2.354416,-0.40818787,276.90674,281.18896,98826.125,42.000732,8.038971,3.7567444,988.2612,0.0,2.389538,74.37697,,,5.2,long_seasonal
2023-12-18 00:00:00,48.0,29.0,1087.0,,,,4.2,,False,False,False,False,False,0.0,2.098465,-0.8070221,276.74512,280.64966,98827.0,40.647247,7.4996643,3.5951233,988.27,0.0,2.2482972,76.28656,,,4.2,long_seasonal
2023-12-18 01:00:00,48.0,29.0,1087.0,,,,4.3,,False,False,False,False,False,0.0,2.031189,-0.9243164,276.76978,280.63696,98838.69,41.765015,7.486969,3.6197815,988.3869,0.0,2.2316113,76.485374,,,4.3,long_seasonal
2023-12-18 02:00:00,48.0,29.0,1087.0,,,,4.3,,False,False,False,False,False,0.0,1.9189453,-1.2322845,276.61743,280.10498,98858.125,43.717438,6.9549866,3.4674377,988.58124,0.0,2.2805429,78.47276,,,4.3,long_seasonal
2023-12-18 03:00:00,48.0,29.0,1087.0,,,,4.2,,False,False,False,False,False,0.0,1.9926453,-1.5658875,276.6587,280.0503,98903.69,48.276657,6.900299,3.5086975,989.03687,0.0,2.5342927,78.99691,,,4.2,long_seasonal
2023-12-18 04:00:00,48.0,29.0,1087.0,,,,4.0,,False,False,False,False,False,0.0,1.9822693,-1.9482727,275.6975,278.4187,98981.94,53.593735,5.2687073,2.5475159,989.8194,0.0,2.7794168,82.601105,,,4.0,long_seasonal
2023-12-18 05:00:00,48.0,29.0,1087.0,,,,4.3,,False,False,False,False,False,0.0,1.700943,-2.3773804,275.60986,278.60986,98973.25,60.089996,5.4598694,2.4598694,989.7325,0.0,2.923208,81.00618,,,4.3,long_seasonal
2023-12-18 06:00:00,48.0,29.0,1087.0,,,,3.6,,False,False,False,False,False,0.0,1.1514587,-3.0564728,275.4331,278.72144,98997.25,71.26973,5.5714417,2.2831116,989.9725,0.0,3.2661724,79.377716,,,3.6,long_seasonal
2023-12-18 07:00:00,48.0,29.0,1087.0,,,,4.3,,False,False,False,False,False,0.0,0.73583984,-3.5522156,275.1919,279.2683,99095.375,98.22661,6.1183167,2.0419006,990.95374,0.0,3.6276295,75.129585,,,4.3,long_seasonal
2023-12-18 08:00:00,48.0,29.0,1087.0,,,,4.5,,False,False,False,False,False,0.0,0.3282776,-3.9467773,276.49292,282.17432,99167.375,136.38231,9.0243225,3.342926,991.67377,0.0,3.9604063,67.57932,,,4.5,long_seasonal
2023-12-18 09:00:00,48.0,29.0,1087.0,,,,3.9,,False,False,False,False,False,0.0,-0.35429382,-4.1636505,278.13037,284.89893,99239.75,220.74371,11.748932,4.980377,992.3975,0.0,4.178697,63.203396,,,3.9,long_seasonal
2023-12-18 10:00:00,48.0,29.0,1087.0,,,,4.0,,False,False,False,False,False,0.0,-1.1441803,-3.799408,279.9375,288.41577,99295.69,325.17896,15.265778,6.787506,992.95685,0.0,3.967953,56.962246,,,4.0,long_seasonal
2023-12-18 11:00:00,48.0,29.0,1087.0,,,,4.6,,False,False,False,False,False,0.0,-1.6753235,-3.4299774,279.6892,291.5144,99307.375,415.91162,18.36441,6.539215,993.0737,0.0,3.8172572,46.005245,,,4.6,long_seasonal
2023-12-18 12:00:00,48.0,29.0,1087.0,,,,4.8,,False,False,False,False,False,0.0,-1.7735596,-2.9647217,279.67212,293.2837,99250.0,524.2949,20.133698,6.5221252,992.5,0.0,3.4547198,41.1578,,,4.8,long_seasonal
2023-12-18 13:00:00,48.0,29.0,1087.0,,,,4.5,,False,False,False,False,False,0.0,-1.7176514,-2.7211914,279.68872,293.80103,99179.25,647.9529,20.651031,6.538727,991.7925,0.0,3.217951,39.90981,,,4.5,long_seasonal
2023-12-18 14:00:00,48.0,29.0,1087.0,,,,3.2,,False,False,False,False,False,0.0,-1.7753296,-2.7104645,279.0569,294.78662,99108.625,752.2495,21.636627,5.906891,991.08624,0.0,3.2401254,35.965843,3.2,3.2,3.2,observed
2023-12-18 15:00:00,48.0,29.0,1087.0,,,,2.7,,False,False,False,False,False,0.0,-1.9561005,-2.7015686,278.79932,295.0901,99088.375,802.9907,21.940094,5.6493225,990.8837,0.0,3.3353863,34.681747,2.7,2.7,2.7,observed
2023-12-18 16:00:00,48.0,29.0,1087.0,,,,2.6,,False,False,False,False,False,0.0,-1.7661438,-1.9564819,278.76196,293.18115,99096.31,872.90845,20.031158,5.611969,990.96313,0.0,2.6357324,38.897495,2.6,2.6,2.6,observed
2023-12-18 17:00:00,48.0,29.0,1087.0,,,,3.0,,False,False,False,False,False,0.0,-1.3169708,-1.3180847,278.34058,291.95312,99145.31,204.95767,18.803131,5.1905823,991.4531,0.0,1.8632659,40.77429,3.0,3.0,3.0,observed
2023-12-18 18:00:00,48.0,29.0,1087.0,,,,3.3,,False,False,False,False,False,0.0,-1.6613617,-1.5520477,278.73193,288.95898,99184.5,86.20561,15.8089905,5.5819397,991.845,0.0,2.2735379,50.625008,3.3,3.3,3.3,observed
2023-12-18 19:00:00,48.0,29.0,1087.0,,,,3.7,,False,False,False,False,False,0.0,-2.2384186,-2.0765228,278.48413,287.48242,99244.125,117.51961,14.332428,5.334137,992.4412,0.0,3.053271,54.718197,3.7,3.7,3.7,observed
2023-12-18 20:00:00,48.0,29.0,1087.0,,,,3.7,,False,False,False,False,False,0.0,-2.3940887,-2.313385,277.68115,285.54956,99274.125,169.56789,12.399567,4.5311584,992.7413,0.0,3.3291757,58.685745,3.7,3.7,3.7,observed
2023-12-18 21:00:00,48.0,29.0,1087.0,,,,3.7,,False,False,False,False,False,0.0,-1.8817596,-2.1105194,277.28345,284.87915,99306.19,144.5505,11.7291565,4.1334534,993.0619,0.0,2.8275983,59.649437,3.7,3.7,3.7,observed
2023-12-18 22:00:00,48.0,29.0,1087.0,,,,3.5,,False,False,False,False,False,0.0,-1.4908905,-2.0666962,276.82715,284.23706,99355.0,107.05708,11.087067,3.6771545,993.55,0.0,2.5483303,60.27484,3.5,3.5,3.5,observed
2023-12-18 23:00:00,48.0,29.0,1087.0,,,,3.5,,False,False,False,False,False,0.0,-1.7101288,-2.2650452,276.35034,282.8308,99358.56,109.49675,9.680817,3.200348,993.58563,0.0,2.8381279,64.01324,3.5,3.5,3.5,observed
2023-12-19 00:00:00,48.0,29.0,1087.0,,,,3.6,,False,False,False,False,False,0.0,-1.9270935,-2.2185822,275.98486,282.66016,99322.875,119.72041,9.510162,2.8348694,993.22876,0.0,2.9386723,63.097755,3.6,3.6,3.6,observed
2023-12-19 01:00:00,48.0,29.0,1087.0,,,,3.5,,False,False,False,False,False,0.0,-1.9998322,-1.9620667,275.9004,282.77563,99282.875,120.211334,9.625641,2.7503967,992.82874,0.0,2.8016129,62.236755,3.5,3.5,3.5,observed
2023-12-19 02:00:00,48.0,29.0,1087.0,,,,3.4,,False,False,False,False,False,0.0,-2.1727295,-1.7578278,275.29834,281.54858,99234.19,126.08652,8.39859,2.148346,992.34186,0.0,2.794765,64.77294,3.4,3.4,3.4,observed
2023-12-19 03:00:00,48.0,29.0,1087.0,,,,3.3,,False,False,False,False,False,0.0,-2.2297058,-1.4885559,275.36523,281.302,99236.75,133.07329,8.152008,2.2152405,992.3675,0.0,2.6809301,66.1799,3.3,3.3,3.3,observed
2023-12-19 04:00:00,48.0,29.0,1087.0,,,,3.2,,False,False,False,False,False,0.0,-2.0595245,-1.3891296,274.0393,280.34204,99247.25,118.04338,7.192047,0.88931274,992.4725,0.0,2.4842148,64.2549,3.2,3.2,3.2,observed
2023-12-19 05:00:00,48.0,29.0,1087.0,,,,3.1,,False,False,False,False,False,0.0,-2.2440643,-1.1820068,274.10205,280.3474,99226.125,120.27457,7.197418,0.9520569,992.2612,0.0,2.536329,64.522,3.1,3.1,3.1,observed
2023-12-19 06:00:00,48.0,29.0,1087.0,,,,3.1,,False,False,False,False,False,0.0,-2.3603363,-1.0413513,274.34644,279.88208,99247.25,123.143845,6.732086,1.1964417,992.4725,0.0,2.579845,67.79338,3.1,3.1,3.1,observed
2023-12-19 07:00:00,48.0,29.0,1087.0,,,,3.5,,False,False,False,False,False,0.0,-2.2830048,-1.0305023,274.44434,280.22192,99264.125,122.99275,7.07193,1.294342,992.64124,0.0,2.5048044,66.69895,3.5,3.5,3.5,observed
2023-12-19 08:00:00,48.0,29.0,1087.0,,,,3.7,,False,False,False,False,False,0.0,-2.3146515,-1.0771637,275.18408,281.44922,99338.94,121.006744,8.299225,2.0340881,993.3894,0.0,2.5530164,64.68168,3.7,3.7,3.7,observed
2023-12-19 09:00:00,48.0,29.0,1087.0,,,,4.9,,False,False,False,False,False,0.0,-2.6692047,-0.6166992,275.68726,282.8872,99370.875,197.91248,9.737213,2.537262,993.70874,0.0,2.7395203,60.845463,4.9,4.9,4.9,observed
2023-12-19 10:00:00,48.0,29.0,1087.0,,,,5.7,,False,False,False,False,False,0.0,-2.8946228,0.28822327,276.35303,285.031,99369.31,292.44458,11.881012,3.2030334,993.6931,0.0,2.908937,55.31185,5.7,5.7,5.7,observed
2023-12-19 11:00:00,48.0,29.0,1087.0,,,,5.3,,False,False,False,False,False,0.0,-2.7438354,1.0650024,277.62793,288.08325,99342.81,406.5481,14.933258,4.477936,993.4281,0.0,2.9432743,49.589287,5.3,5.3,5.3,observed
2023-12-19 12:00:00,48.0,29.0,1087.0,,,,6.3,,False,False,False,False,False,0.0,-2.4585724,1.6591187,278.8015,290.0227,99238.31,559.18555,16.872711,5.65152,992.3831,0.0,2.9660163,47.53848,,,6.3,short_interp
2023-12-19 13:00:00,48.0,29.0,1087.0,,,,7.300000000000001,,False,False,False,False,False,0.0,-2.0128174,2.4309998,279.12866,290.8816,99137.06,742.4243,17.731598,5.978668,991.3706,0.0,3.156136,46.057293,,,7.300000000000001,short_interp
2023-12-19 14:00:00,48.0,29.0,1087.0,,,,8.3,,False,False,False,False,False,0.0,-1.915802,2.8938446,279.989,292.40894,99039.75,867.1228,19.258942,6.83902,990.3975,0.0,3.470538,44.409927,8.3,8.3,8.3,observed
2023-12-19 15:00:00,48.0,29.0,1087.0,,,,8.1,,False,False,False,False,False,0.0,-2.0704956,3.1822052,280.57446,292.66724,98987.625,949.0742,19.517242,7.424469,989.8762,0.0,3.796496,45.488834,8.1,8.1,8.1,observed
2023-12-19 16:00:00,48.0,29.0,1087.0,,,,8.1,,False,False,False,False,False,0.0,-1.972168,2.795578,281.28198,291.3518,98962.875,1166.5037,18.201813,8.131989,989.6287,0.0,3.4212136,51.82085,8.1,8.1,8.1,observed
2023-12-19 17:00:00,48.0,29.0,1087.0,,,,7.4,,False,False,False,False,False,0.0,-1.7166595,1.8657532,282.0791,290.98608,98973.125,533.8225,17.83609,8.929108,989.73126,0.0,2.535341,55.965317,7.4,7.4,7.4,observed
2023-12-19 18:00:00,48.0,29.0,1087.0,,,,6.6,,False,False,False,False,False,0.0,-1.8728943,1.471283,282.49976,289.31006,98971.94,171.74017,16.160065,9.349762,989.71936,0.0,2.3816814,64.02287,6.6,6.6,6.6,observed
2023-12-19 19:00:00,48.0,29.0,1087.0,,,,5.8,,False,False,False,False,False,0.0,-2.2348938,1.6291809,282.46582,289.07715,99005.31,199.89882,15.927155,9.315826,990.0531,0.0,2.7656791,64.833435,5.8,5.8,5.8,observed
2023-12-19 20:00:00,48.0,29.0,1087.0,,,,6.0,,False,False,False,False,False,0.0,-2.3174133,2.1149292,283.0022,287.9048,99033.06,282.3828,14.754791,9.852203,990.3306,0.0,3.1374083,72.46085,6.0,6.0,6.0,observed
2023-12-19 21:00:00,48.0,29.0,1087.0,,,,6.5,,False,False,False,False,False,0.0,-2.4311829,2.4977112,283.4314,287.45972,99038.875,339.7229,14.309723,10.281403,990.38873,0.0,3.4855719,76.7445,6.5,6.5,6.5,observed
2023-12-19 22:00:00,48.0,29.0,1087.0,,,,5.9,,False,False,False,False,False,0.0,-2.287384,2.534729,284.02856,287.1079,99078.31,326.47583,13.957916,10.878571,990.78314,0.0,3.4142315,81.69847,5.9,5.9,5.9,observed
2023-12-19 23:00:00,48.0,29.0,1087.0,,,,6.3,,False,False,False,False,False,0.0,-1.9630737,2.30896,284.19385,286.031,99087.44,271.3745,12.881012,11.043854,990.8744,0.0,3.030669,88.60129,6.3,6.3,6.3,observed
2023-12-20 00:00:00,48.0,29.0,1087.0,,,,6.6,,False,False,False,False,False,0.0,-1.817749,2.0120087,284.114,285.6599,99083.44,231.56277,12.509918,10.96402,990.83435,0.0,2.7115293,90.301445,6.6,6.6,6.6,observed
2023-12-20 01:00:00,48.0,29.0,1087.0,,,,6.7,,False,False,False,False,False,0.0,-1.6560669,1.5664978,284.03027,285.56885,99027.0,180.63239,12.418854,10.88028,990.27,0.0,2.2795775,90.338806,6.7,6.7,6.7,observed
2023-12-20 02:00:00,48.0,29.0,1087.0,,,,6.5,,False,False,False,False,False,0.0,-1.6599426,1.1419067,284.09375,285.17456,99013.5,139.66078,12.024567,10.943756,990.135,0.0,2.0147855,93.102776,6.5,6.5,6.5,observed
2023-12-20 03:00:00,48.0,29.0,1087.0,,,,7.2,,False,False,False,False,False,0.0,-1.8360748,0.82847595,283.76196,284.44604,98991.375,122.21962,11.296051,10.611969,989.91376,0.0,2.0143344,95.559395,7.2,7.2,7.2,observed
2023-12-20 04:00:00,48.0,29.0,1087.0,,,,8.6,,False,False,False,False,False,0.0,-1.815979,0.45321655,283.16235,283.26733,98980.94,114.30748,10.11734,10.01236,989.8094,0.0,1.8716798,99.3005,8.6,8.6,8.6,observed
2023-12-20 05:00:00,48.0,29.0,1087.0,,,,10.1,,False,False,False,False,False,0.0,-1.5545349,0.20506287,282.61353,282.85205,98984.625,89.5607,9.702057,9.4635315,989.84625,0.0,1.5680017,98.411736,10.1,10.1,10.1,observed
2023-12-20 06:00:00,48.0,29.0,1087.0,,,,10.6,,False,False,False,False,False,0.0,-1.773468,-0.090774536,282.55493,282.63696,99049.19,69.68799,9.486969,9.404938,990.4919,0.0,1.7757896,99.45031,10.6,10.6,10.6,observed
2023-12-20 07:00:00,48.0,29.0,1087.0,,,,7.5,,False,False,False,False,False,0.0,-1.5627747,-0.21533203,282.72534,283.00952,99109.75,72.1416,9.859528,9.575348,991.0975,0.0,1.57754,98.11262,7.5,7.5,7.5,observed
2023-12-20 08:00:00,48.0,29.0,1087.0,,,,7.4,,False,False,False,False,False,0.0,-2.112732,-0.25413513,283.91016,284.31567,99127.5,99.826324,11.16568,10.760162,991.275,0.0,2.1279616,97.34352,7.4,7.4,7.4,observed
2023-12-20 09:00:00,48.0,29.0,1087.0,,,,10.1,,False,False,False,False,False,0.0,-2.2892609,0.12104797,285.16846,285.9641,99180.375,183.90004,12.814117,12.018463,991.8038,0.0,2.292459,94.91129,10.1,10.1,10.1,observed
2023-12-20 10:00:00,48.0,29.0,1087.0,,,,6.4,,False,False,False,False,False,0.0,-2.2346954,0.91400146,285.98633,287.8042,99246.625,313.18628,14.654205,12.836334,992.46625,0.0,2.4143865,88.86107,6.4,6.4,6.4,observed
2023-12-20 11:00:00,48.0,29.0,1087.0,,,,5.1,,False,False,False,False,False,0.0,-2.3848877,2.0093384,286.95605,291.00903,99221.25,596.51465,17.85904,13.806061,992.2125,0.0,3.118514,77.17603,5.1,5.1,5.1,observed
2023-12-20 12:00:00,48.0,29.0,1087.0,,,,4.4,,False,False,False,False,False,0.0,-2.7172089,3.5610352,287.62134,292.90356,99115.06,1232.5613,19.75357,14.471344,991.15063,0.0,4.4793077,71.57969,4.4,4.4,4.4,observed
2023-12-20 13:00:00,48.0,29.0,1087.0,,,,4.2,,False,False,False,False,False,0.00014781952,-2.2722626,5.017914,287.05493,293.89502,98990.125,1299.3,20.745026,13.904938,989.90125,0.14781952,5.508415,64.90191,4.2,4.2,4.2,observed
2023-12-20 14:00:00,48.0,29.0,1087.0,,,,3.8,,False,False,False,False,False,0.00014972687,-1.749649,5.145752,286.19556,294.5183,98936.44,1290.8335,21.368317,13.045563,989.3644,0.14972687,5.4350743,59.065773,3.8,3.8,3.8,observed
2023-12-20 15:00:00,48.0,29.0,1087.0,,,,3.7,,False,False,False,False,False,7.8201294e-05,-1.6416626,4.898163,285.8015,294.6621,98893.0,1335.1155,21.512115,12.65152,988.93,0.078201294,5.1659517,57.057972,3.7,3.7,3.7,observed
2023-12-20 16:00:00,48.0,29.0,1087.0,,,,4.1,,False,False,False,False,False,3.33786e-06,-1.5309601,3.1560822,286.32422,294.26978,98872.875,1513.6775,21.119781,13.174225,988.72876,0.00333786,3.5078046,60.478855,4.1,4.1,4.1,observed
2023-12-20 17:00:00,48.0,29.0,1087.0,,,,4.9,,False,False,False,False,False,0.0,-2.0652313,2.032257,286.5205,293.6306,98893.375,635.38086,20.480621,13.370514,988.9338,0.0,2.8974557,63.715218,4.9,4.9,4.9,observed
2023-12-20 18:00:00,48.0,29.0,1087.0,,,,5.2,,False,False,False,False,False,3.33786e-06,-2.655014,1.7479401,286.49683,292.47095,98914.19,389.1997,19.320953,13.346832,989.14185,0.00333786,3.178741,68.356064,5.2,5.2,5.2,observed
2023-12-20 19:00:00,48.0,29.0,1087.0,,,,5.2,,False,False,False,False,False,2.3841858e-05,-2.6356354,1.2677917,286.75684,291.72192,98958.75,302.10254,18.57193,13.606842,989.5875,0.023841858,2.9246998,72.85003,5.2,5.2,5.2,observed
2023-12-20 20:00:00,48.0,29.0,1087.0,,,,4.9,,False,False,False,False,False,2.861023e-06,-3.2899628,1.6260376,287.10352,290.38574,99012.31,415.57764,17.235748,13.953522,990.1231,0.002861023,3.6698575,81.04274,4.9,4.9,4.9,observed
2023-12-20 21:00:00,48.0,29.0,1087.0,,,,4.7,,False,False,False,False,False,4.7683716e-07,-3.1802673,2.2396698,287.47803,290.0869,99061.94,492.4558,16.93692,14.328033,990.6194,0.00047683716,3.8897586,84.61814,4.7,4.7,4.7,observed
2023-12-20 22:00:00,48.0,29.0,1087.0,,,,5.0,,False,False,False,False,False,9.536743e-07,-2.7066193,2.3120117,287.781,289.77856,99124.81,440.57837,16.62857,14.631012,991.2481,0.0009536743,3.559661,87.99541,5.0,5.0,5.0,observed
2023-12-20 23:00:00,48.0,29.0,1087.0,,,,5.2,,False,False,False,False,False,6.67572e-06,-2.7291718,2.2970276,287.83667,289.0796,99146.19,419.48755,15.929596,14.686676,991.46185,0.00667572,3.5671718,92.332825,5.2,5.2,5.2,observed
2023-12-21 00:00:00,48.0,29.0,1087.0,,,,5.5,,False,False,False,False,False,3.8146973e-06,-2.7838135,2.3465424,287.85376,288.49634,99117.19,429.99512,15.346344,14.703766,991.1719,0.0038146973,3.6408622,95.95115,5.5,5.5,5.5,observed
2023-12-21 01:00:00,48.0,29.0,1087.0,,,,6.1,,False,False,False,False,False,5.722046e-06,-2.6818542,2.43396,287.9746,288.58545,99045.375,436.9807,15.435455,14.8246155,990.45374,0.005722046,3.6216712,96.150314,6.1,6.1,6.1,observed
2023-12-21 02:00:00,48.0,29.0,1087.0,,,,7.1,,False,False,False,False,False,1.6212463e-05,-2.1877136,2.0691223,288.11108,288.3108,99060.56,390.6726,15.160797,14.96109,990.60565,0.016212463,3.0112054,98.724045,7.1,7.1,7.1,observed
2023-12-21 03:00:00,48.0,29.0,1087.0,,,,7.4,,False,False,False,False,False,1.001358e-05,-2.2200623,1.8146973,287.9922,288.05786,99047.875,349.15894,14.907867,14.842194,990.47876,0.01001358,2.8673687,99.57799,7.4,7.4,7.4,observed
2023-12-21 04:00:00,48.0,29.0,1087.0,,,,7.8,,False,False,False,False,False,1.001358e-05,-1.9078674,1.4750977,288.7544,288.81006,99026.31,275.75464,15.660065,15.604401,990.2631,0.01001358,2.4116118,99.64428,7.8,7.8,7.8,observed
2023-12-21 05:00:00,48.0,29.0,1087.0,,,,7.9,,False,False,False,False,False,4.7683716e-07,-1.9340057,0.52511597,288.66113,288.76343,99037.75,191.17915,15.613434,15.511139,990.3775,0.00047683716,2.0040271,99.34691,7.9,7.9,7.9,observed
2023-12-21 06:00:00,48.0,29.0,1087.0,,,,9.4,,False,False,False,False,False,0.0,-1.8522491,0.005844116,288.55762,288.82788,99071.625,150.98753,15.677887,15.407623,990.71625,0.0,1.8522583,98.28351,9.4,9.4,9.4,observed
2023-12-21 07:00:00,48.0,29.0,1087.0,,,,9.5,,False,False,False,False,False,0.0,-1.8113403,-0.050613403,288.48682,288.87402,99165.94,146.50952,15.72403,15.3368225,991.65936,0.0,1.8120474,97.54971,9.5,9.5,9.5,observed
2023-12-21 08:00:00,48.0,29.0,1087.0,,,,10.5,,False,False,False,False,False,2.0980835e-05,-2.53508,0.14434814,288.87183,289.25293,99216.81,226.90599,16.102936,15.721832,992.16815,0.020980835,2.5391862,97.59489,10.5,10.5,10.5,observed
2023-12-21 09:00:00,48.0,29.0,1087.0,,,,8.2,,False,False,False,False,False,4.196167e-05,-2.7489166,0.33810425,288.84888,289.4087,99237.25,295.60986,16.258698,15.698883,992.3725,0.04196167,2.7696311,96.48883,8.2,8.2,8.2,observed
2023-12-21 10:00:00,48.0,29.0,1087.0,,,,7.5,,False,False,False,False,False,0.0001487732,-3.1269226,1.120636,288.94824,289.9099,99311.19,380.61377,16.759918,15.798248,993.1119,0.1487732,3.3216667,94.058014,7.5,7.5,7.5,observed
2023-12-21 11:00:00,48.0,29.0,1087.0,,,,7.1,,False,False,False,False,False,2.0980835e-05,-3.128067,1.4597778,289.354,291.01538,99326.69,435.56226,17.865387,16.20401,993.26685,0.020980835,3.4519203,90.01297,7.1,7.1,7.1,observed
2023-12-21 12:00:00,48.0,29.0,1087.0,,,,6.0,,False,False,False,False,False,0.00031757355,-3.2167664,1.7335815,289.48608,291.47803,99267.06,435.95337,18.328033,16.33609,992.67065,0.31757355,3.6541607,88.17347,6.0,6.0,6.0,observed
2023-12-21 13:00:00,48.0,29.0,1087.0,,,,6.4,,False,False,False,False,False,0.00028800964,-3.2453308,2.0087433,289.76172,291.28467,99174.25,393.33447,18.134674,16.611725,991.7425,0.28800964,3.816703,90.82833,6.4,6.4,6.4,observed
2023-12-21 14:00:00,48.0,29.0,1087.0,,,,5.7,,False,False,False,False,False,0.00022888184,-2.9557495,1.5094147,289.88672,291.97192,99103.0,361.19604,18.82193,16.736725,991.03,0.22888184,3.3188534,87.69497,5.7,5.7,5.7,observed
2023-12-21 15:00:00,48.0,29.0,1087.0,,,,5.2,,False,False,False,False,False,9.250641e-05,-2.9891663,1.2012329,289.90527,291.94287,99054.56,438.75464,18.792877,16.75528,990.54565,0.09250641,3.221502,87.95782,5.2,5.2,5.2,observed
2023-12-21 16:00:00,48.0,29.0,1087.0,,,,6.2,,False,False,False,False,False,6.1035156e-05,-2.4371033,0.7252197,289.97046,290.57397,99000.56,449.67603,17.42398,16.820465,990.0056,0.061035156,2.5427182,96.25251,6.2,6.2,6.2,observed
2023-12-21 17:00:00,48.0,29.0,1087.0,,,,7.6,,False,False,False,False,False,6.771088e-05,-2.151245,0.6163788,289.73315,290.7849,99020.31,434.4214,17.634918,16.58316,990.2031,0.06771088,2.2378066,93.55972,7.6,7.6,7.6,observed
2023-12-21 18:00:00,48.0,29.0,1087.0,,,,6.8,,False,False,False,False,False,0.000248909,-2.110199,0.6027374,289.50024,290.9121,99013.25,253.4038,17.762115,16.35025,990.1325,0.248909,2.1945915,91.44801,6.8,6.8,6.8,observed
2023-12-21 19:00:00,48.0,29.0,1087.0,,,,7.1,,False,False,False,False,False,8.2969666e-05,-1.9352875,1.0119934,289.12622,290.81494,99104.31,221.44772,17.664948,15.976227,991.04315,0.082969666,2.1839113,89.84139,7.1,7.1,7.1,observed
2023-12-21 20:00:00,48.0,29.0,1087.0,,,,7.5,,False,False,False,False,False,8.583069e-05,-1.7960358,1.3849792,288.95557,290.69873,99111.44,222.24152,17.548737,15.8055725,991.1144,0.08583069,2.2680194,89.520706,7.5,7.5,7.5,observed
2023-12-21 21:00:00,48.0,29.0,1087.0,,,,8.8,,False,False,False,False,False,0.0001039505,-1.883194,0.82466125,288.57935,290.82617,99116.06,161.6893,17.676178,15.429352,991.16064,0.1039505,2.055842,86.69071,8.8,8.8,8.8,observed
2023-12-21 22:00:00,48.0,29.0,1087.0,,,,8.1,,False,False,False,False,False,0.00015068054,-2.0625,0.7165375,288.3723,290.71582,99136.75,151.25305,17.565826,15.222321,991.3675,0.15068054,2.183422,86.14386,8.1,8.1,8.1,observed
2023-12-21 23:00:00,48.0,29.0,1087.0,,,,7.8,,False,False,False,False,False,1.8119812e-05,-1.9693604,1.0233307,288.29126,290.50952,99129.375,185.03102,17.359528,15.141266,991.29376,0.018119812,2.219366,86.819695,7.8,7.8,7.8,observed
2023-12-22 00:00:00,48.0,29.0,1087.0,,,,7.1,,False,False,False,False,False,1.4305115e-05,-1.8127899,1.0736847,287.99927,290.10107,99122.875,230.83646,16.95108,14.849274,991.22876,0.014305115,2.1068947,87.434616,7.1,7.1,7.1,observed
2023-12-22 01:00:00,48.0,29.0,1087.0,,,,7.6,,False,False,False,False,False,6.723404e-05,-1.5847168,0.98934937,288.14233,290.02148,99070.06,210.76477,16.87149,14.99234,990.7006,0.06723404,1.8681915,88.689896,7.6,7.6,7.6,observed
2023-12-22 02:00:00,48.0,29.0,1087.0,,,,9.0,,False,False,False,False,False,2.7656555e-05,-1.5471344,0.7702179,288.511,289.93457,99069.875,155.34294,16.784576,15.360992,990.6987,0.027656555,1.7282535,91.317566,9.0,9.0,9.0,observed
2023-12-22 03:00:00,48.0,29.0,1087.0,,,,10.5,,False,False,False,False,False,7.6293945e-06,-1.4655151,0.61672974,288.47437,289.66235,99055.81,111.132034,16.51236,15.324371,990.5581,0.0076293945,1.5899969,92.69219,10.5,10.5,10.5,observed
2023-12-22 04:00:00,48.0,29.0,1087.0,,,,8.5,,False,False,False,False,False,0.0,-0.35960388,-0.6605835,288.5852,289.05444,99030.625,30.692413,15.904449,15.435211,990.3063,0.0,0.7521207,97.04151,8.5,8.5,8.5,observed
2023-12-22 05:00:00,48.0,29.0,1087.0,,,,7.5,,False,False,False,False,False,0.0,-0.48542786,-0.6641846,288.5703,289.0547,99009.81,41.56021,15.904694,15.420319,990.09814,0.0,0.8226672,96.947365,7.5,7.5,7.5,observed
2023-12-22 06:00:00,48.0,29.0,1087.0,,,,6.9,,False,False,False,False,False,4.7683716e-07,-0.5921936,-0.42262268,288.61792,289.0835,99015.81,44.330032,15.933502,15.467926,990.15814,0.00047683716,0.72753227,97.06496,6.9,6.9,6.9,observed
2023-12-22 07:00:00,48.0,29.0,1087.0,,,,8.8,,False,False,False,False,False,9.536743e-07,-0.610672,-0.31466675,288.61768,289.1438,99071.81,44.997543,15.993805,15.467682,990.71814,0.0009536743,0.6869756,96.6904,8.8,8.8,8.8,observed
2023-12-22 08:00:00,48.0,29.0,1087.0,,,,8.8,,False,False,False,False,False,9.536743e-07,-0.6130371,-0.45448303,289.00464,289.57666,99140.81,31.786484,16.426666,15.854645,991.40814,0.0009536743,0.76313126,96.41807,8.8,8.8,8.8,observed
2023-12-22 09:00:00,48.0,29.0,1087.0,,,,7.5,,False,False,False,False,False,0.0,-0.5662384,-0.16737366,289.10522,289.52344,99177.44,100.22168,16.373444,15.955231,991.77435,0.0,0.5904573,97.368866,7.5,7.5,7.5,observed
2023-12-22 10:00:00,48.0,29.0,1087.0,,,,8.3,,False,False,False,False,False,9.536743e-07,-0.72576904,0.0499115,289.4319,289.96313,99220.875,203.60388,16.81314,16.28189,992.20874,0.0009536743,0.7274833,96.67933,8.3,8.3,8.3,observed
2023-12-22 11:00:00,48.0,29.0,1087.0,,,,9.9,,False,False,False,False,False,2.861023e-06,-0.7063141,0.40623474,290.1787,290.88794,99205.25,328.23413,17.737946,17.028717,992.0525,0.002861023,0.8148044,95.6193,9.9,9.9,9.9,observed
2023-12-22 12:00:00,48.0,29.0,1087.0,,,,10.6,,False,False,False,False,False,2.2888184e-05,-0.5566559,0.64364624,290.62622,291.40723,99161.31,389.14087,18.257233,17.476227,991.6131,0.022888184,0.8509678,95.20417,10.6,10.6,10.6,observed
2023-12-22 13:00:00,48.0,29.0,1087.0,,,,12.1,,False,False,False,False,False,3.2901764e-05,-0.61021423,0.7749634,290.6543,292.02466,99041.44,421.1372,18.874664,17.504303,990.41437,0.032901764,0.986372,91.75756,12.1,12.1,12.1,observed
2023-12-22 14:00:00,48.0,29.0,1087.0,,,,7.2,,False,False,False,False,False,3.0517578e-05,-0.8698273,0.9513855,290.65503,293.6355,98945.875,581.8635,20.485504,17.505035,989.45874,0.030517578,1.2890825,83.031876,7.2,7.2,7.2,observed
2023-12-22 15:00:00,48.0,29.0,1087.0,,,,6.4,,False,False,False,False,False,5.2452087e-05,-1.0186462,0.9376221,290.55444,294.1931,98913.625,519.3862,21.043121,17.40445,989.1362,0.052452087,1.3844765,79.72255,6.4,6.4,6.4,observed
2023-12-22 16:00:00,48.0,29.0,1087.0,,,,6.7,,False,False,False,False,False,4.053116e-05,-0.020126343,-0.23205566,290.42407,293.031,98826.06,26.072235,19.881012,17.274078,988.2606,0.04053116,0.23292682,84.94552,6.7,6.7,6.7,observed
2023-12-22 17:00:00,48.0,29.0,1087.0,,,,6.9,,False,False,False,False,False,3.8146973e-06,-0.36112976,-0.29032898,290.05884,293.01392,98877.0,25.709534,19.863922,16.908844,988.77,0.0038146973,0.46336338,83.09204,6.9,6.9,6.9,observed
2023-12-22 18:00:00,48.0,29.0,1087.0,,,,7.4,,False,False,False,False,False,1.9073486e-06,-1.2389679,0.24765015,289.72412,291.44116,98902.56,34.414474,18.291168,16.574127,989.02563,0.0019073486,1.2634761,89.72599,7.4,7.4,7.4,observed
2023-12-22 19:00:00,48.0,29.0,1087.0,,,,7.7,,False,False,False,False,False,9.536743e-07,-1.5891266,0.3524475,289.57153,291.29077,98901.5,61.719772,18.140778,16.42154,989.015,0.0009536743,1.6277416,89.70221,7.7,7.7,7.7,observed
2023-12-22 20:00:00,48.0,29.0,1087.0,,,,9.4,,False,False,False,False,False,4.7683716e-07,-1.9766693,0.61408997,289.19556,290.10742,98924.06,89.99539,16.957428,16.045563,989.2406,0.00047683716,2.069862,94.366295,9.4,9.4,9.4,observed
2023-12-22 21:00:00,48.0,29.0,1087.0,,,,11.1,,False,False,False,False,False,4.7683716e-07,-2.0542145,0.71765137,288.4712,288.86816,98943.81,112.282074,15.71817,15.3211975,989.4381,0.00047683716,2.1759644,97.488495,11.1,11.1,11.1,observed
2023-12-22 22:00:00,48.0,29.0,1087.0,,,,10.3,,False,False,False,False,False,0.0,-2.1560059,0.918396,288.57642,289.16357,98965.625,132.04062,16.01358,15.426422,989.65625,0.0,2.3434615,96.31331,10.3,10.3,10.3,observed
2023-12-22 23:00:00,48.0,29.0,1087.0,,,,7.9,,False,False,False,False,False,0.0,-2.137909,1.2042999,289.11328,289.67847,98956.25,176.72696,16.528473,15.963287,989.5625,0.0,2.453771,96.46292,7.9,7.9,7.9,observed
2023-12-23 00:00:00,48.0,29.0,1087.0,,,,8.9,,False,False,False,False,False,8.583069e-06,-2.07753,1.5690765,289.02563,289.31592,98949.0,237.01169,16.165924,15.875641,989.49,0.008583069,2.6034844,98.16427,8.9,8.9,8.9,observed
2023-12-23 01:00:00,48.0,29.0,1087.0,,,,8.6,,False,False,False,False,False,5.340576e-05,-2.0506744,1.788269,289.0747,289.3369,98873.875,264.2776,16.18692,15.924713,988.7388,0.05340576,2.720877,98.34078,8.6,8.6,8.6,observed
2023-12-23 02:00:00,48.0,29.0,1087.0,,,,6.9,,False,False,False,False,False,1.8119812e-05,-1.9593964,2.0143127,289.18018,289.35156,98850.25,285.0791,16.201569,16.030182,988.5025,0.018119812,2.810105,98.91285,6.9,6.9,6.9,observed
2023-12-23 03:00:00,48.0,29.0,1087.0,,,,5.7,,False,False,False,False,False,3.8146973e-06,-1.9897461,1.9109039,289.2339,289.36133,98818.31,288.35986,16.211334,16.083893,988.1831,0.0038146973,2.7587395,99.19067,5.7,5.7,5.7,observed
2023-12-23 04:00:00,48.0,29.0,1087.0,,,,4.8,,False,False,False,False,False,3.8146973e-06,-1.8051758,1.7555847,289.8181,290.03125,98778.56,182.5761,16.881256,16.668121,987.78564,0.0038146973,2.5180821,98.65662,4.8,4.8,4.8,observed
2023-12-23 05:00:00,48.0,29.0,1087.0,,,,4.6,,False,False,False,False,False,4.2915344e-06,-1.908081,1.7559814,289.70142,289.92798,98718.69,203.86418,16.777985,16.551422,987.1869,0.0042915344,2.5931149,98.57138,4.6,4.6,4.6,observed
2023-12-23 06:00:00,48.0,29.0,1087.0,,,,4.0,,False,False,False,False,False,0.0,-1.9893646,1.7902832,289.85376,290.0454,98718.81,210.27426,16.895416,16.703766,987.1881,0.0,2.6763194,98.791435,4.0,4.0,4.0,observed
2023-12-23 07:00:00,48.0,29.0,1087.0,,,,4.2,,False,False,False,False,False,0.0,-2.1454468,1.577713,289.9795,290.2036,98704.25,214.72975,17.05362,16.829498,987.0425,0.0,2.6631036,98.58966,4.2,4.2,4.2,observed
2023-12-23 08:00:00,48.0,29.0,1087.0,,,,4.6,,False,False,False,False,False,1.4305115e-05,-2.3706512,1.792099,290.3579,290.6255,98715.625,232.76363,17.475494,17.207916,987.15625,0.014305115,2.9718018,98.32363,4.6,4.6,4.6,observed
2023-12-23 09:00:00,48.0,29.0,1087.0,,,,4.0,,False,False,False,False,False,1.1444092e-05,-2.5961914,2.2914886,290.3772,290.5984,98705.44,278.1128,17.448395,17.227203,987.0544,0.011444092,3.462821,98.612175,4.0,4.0,4.0,observed
2023-12-23 10:00:00,48.0,29.0,1087.0,,,,4.0,,False,False,False,False,False,6.67572e-05,-2.3839264,3.1940613,290.49316,290.77075,98755.19,342.60254,17.620758,17.34317,987.5519,0.0667572,3.9856157,98.26332,4.0,4.0,4.0,observed
2023-12-23 11:00:00,48.0,29.0,1087.0,,,,4.8,,False,False,False,False,False,0.00023937225,-2.2477722,3.269455,291.16235,292.28296,98707.81,511.72168,19.132965,18.01236,987.0781,0.23937225,3.9675956,93.226654,4.8,4.8,4.8,observed
2023-12-23 12:00:00,48.0,29.0,1087.0,,,,4.9,,False,False,False,False,False,0.00012493134,-2.2477264,4.0034943,291.05444,293.1687,98610.75,741.62256,20.018707,17.90445,986.1075,0.124931335,4.5913224,87.63969,4.9,4.9,4.9,observed
2023-12-23 13:00:00,48.0,29.0,1087.0,,,,4.5,,False,False,False,False,False,0.0001783371,-2.044632,4.898239,291.0078,293.76367,98448.25,841.60864,20.613678,17.857819,984.4825,0.1783371,5.3078494,84.230194,4.5,4.5,4.5,observed
2023-12-23 14:00:00,48.0,29.0,1087.0,,,,4.2,,False,False,False,False,False,0.00015544891,-1.318512,5.197586,290.92285,294.4309,98352.31,919.29004,21.280914,17.772858,983.52313,0.15544891,5.3622174,80.41429,4.2,4.2,4.2,observed
2023-12-23 15:00:00,48.0,29.0,1087.0,,,,3.5,,False,False,False,False,False,0.00032424927,-0.548645,4.941101,291.23462,294.29248,98308.06,781.7344,21.142487,18.084625,983.0806,0.32424927,4.971468,82.70607,3.5,3.5,3.5,observed
2023-12-23 16:00:00,48.0,29.0,1087.0,,,,4.0,,False,False,False,False,False,0.00034332275,0.33477783,3.4698792,291.4099,293.562,98210.94,634.5791,20.412018,18.259918,982.1094,0.34332275,3.4859915,87.46645,4.0,4.0,4.0,observed
2023-12-23 17:00:00,48.0,29.0,1087.0,,,,4.6,,False,False,False,False,False,0.00019025803,-0.59542847,2.895172,291.5725,293.12354,98240.625,497.54248,19.973541,18.422516,982.40625,0.19025803,2.9557667,90.79068,4.6,4.6,4.6,observed
2023-12-23 18:00:00,48.0,29.0,1087.0,,,,5.2,,False,False,False,False,False,7.104874e-05,-0.9065094,2.2681427,291.59546,292.46118,98219.5,316.41992,19.311188,18.445465,982.195,0.07104874,2.442587,94.73778,5.2,5.2,5.2,observed
2023-12-23 19:00:00,48.0,29.0,1087.0,,,,6.1,,False,False,False,False,False,2.861023e-05,-1.7185059,1.8699036,291.5254,292.24585,98208.25,244.87715,19.095856,18.375397,982.0825,0.02861023,2.539646,95.59633,6.1,6.1,6.1,observed
2023-12-23 20:00:00,48.0,29.0,1087.0,,,,5.1,,False,False,False,False,False,4.7683716e-07,-2.1328735,2.1523285,291.46606,291.8235,98138.875,264.8374,18.673492,18.31607,981.38873,0.00047683716,3.0301266,97.78651,5.1,5.1,5.1,observed
2023-12-23 21:00:00,48.0,29.0,1087.0,,,,4.5,,False,False,False,False,False,0.0,-3.1463013,2.9784088,291.62183,291.88208,98122.125,385.15088,18.732086,18.471832,981.22125,0.0,4.332451,98.38468,4.5,4.5,4.5,observed
2023-12-23 22:00:00,48.0,29.0,1087.0,,,,4.2,,False,False,False,False,False,0.0,-3.1370392,3.2066956,291.60107,292.02026,98107.81,478.31982,18.87027,18.45108,981.0781,0.0,4.485968,97.41223,4.2,4.2,4.2,observed
2023-12-23 23:00:00,48.0,29.0,1087.0,,,,3.5,,False,False,False,False,False,0.00014305115,-2.0680542,3.307312,291.18555,291.66602,98172.125,548.8699,18.516022,18.035553,981.72125,0.14305115,3.9006615,97.030975,3.5,3.5,3.5,observed
2023-12-24 00:00:00,48.0,29.0,1087.0,,,,3.0,,False,False,False,False,False,0.00014734268,-1.5047302,3.57753,290.9143,291.4402,98150.44,663.1035,18.290192,17.764313,981.5044,0.14734268,3.8810995,96.748886,3.0,3.0,3.0,observed
2023-12-24 01:00:00,48.0,29.0,1087.0,,,,4.6,,False,False,False,False,False,0.0001320839,-1.1943512,3.62471,290.50293,290.95532,98061.5,694.8882,17.805328,17.352936,980.615,0.1320839,3.8164117,97.187256,4.6,4.6,4.6,observed
2023-12-24 02:00:00,48.0,29.0,1087.0,,,,4.3,,False,False,False,False,False,0.0001540184,-0.6433563,3.0531464,289.9214,290.36597,98035.625,646.2573,17.215973,16.771393,980.35626,0.1540184,3.120194,97.22287,4.3,4.3,4.3,observed
2023-12-24 03:00:00,48.0,29.0,1087.0,,,,4.5,,False,False,False,False,False,0.00025558472,-0.23718262,2.8521576,289.50903,289.7522,98018.375,548.6096,16.602203,16.35904,980.1838,0.25558472,2.8620024,98.465355,4.5,4.5,4.5,observed
2023-12-24 04:00:00,48.0,29.0,1087.0,,,,3.6,,False,False,False,False,False,0.00018548965,1.8807678,4.2074738,290.24,290.95923,97942.44,627.9856,17.809235,17.089996,979.4244,0.18548965,4.6087008,95.56108,3.6,3.6,3.6,observed
2023-12-24 05:00:00,48.0,29.0,1087.0,,,,4.7,,False,False,False,False,False,0.0015439987,1.0303802,3.5792847,290.531,290.88916,97980.375,661.9053,17.739166,17.381012,979.8038,1.5439987,3.7246425,97.766266,4.7,4.7,4.7,observed
2023-12-24 06:00:00,48.0,29.0,1087.0,,,,3.4,,False,False,False,False,False,0.000983715,0.63290405,1.388382,290.52783,290.81323,98000.69,269.4746,17.663239,17.377838,980.0069,0.98371506,1.5258348,98.21539,3.4,3.4,3.4,observed
2023-12-24 07:00:00,48.0,29.0,1087.0,,,,2.0,,False,False,False,False,False,0.0005378723,0.5033264,0.30197144,290.47778,290.83472,98013.375,93.363464,17.684723,17.32779,980.1337,0.5378723,0.58696187,97.77288,2.0,2.0,2.0,observed
2023-12-24 08:00:00,48.0,29.0,1087.0,,,,1.9,,False,False,False,False,False,0.0004181862,0.34495544,0.32173157,289.70435,290.28735,98055.875,68.9563,17.13736,16.554352,980.5588,0.4181862,0.47170484,96.36995,1.9,1.9,1.9,observed
2023-12-24 09:00:00,48.0,29.0,1087.0,,,,2.1,,False,False,False,False,False,9.536743e-05,0.47653198,0.62042236,289.76025,290.0293,98087.56,141.99174,16.879303,16.61026,980.8756,0.09536743,0.7823085,98.30684,2.1,2.1,2.1,observed
2023-12-24 10:00:00,48.0,29.0,1087.0,,,,1.8,,False,False,False,False,False,0.00033140182,0.8597107,0.14241028,289.32275,290.0149,98163.31,233.06876,16.864899,16.17276,981.6331,0.33140182,0.8714259,95.694664,1.8,1.8,1.8,observed
2023-12-24 11:00:00,48.0,29.0,1087.0,,,,2.6,,False,False,False,False,False,1.04904175e-05,1.0004272,-0.9341736,289.34106,292.14478,98125.56,399.83765,18.994781,16.19107,981.2556,0.0104904175,1.3687713,83.79433,2.6,2.6,2.6,observed
2023-12-24 12:00:00,48.0,29.0,1087.0,,,,3.6,,False,False,False,False,False,9.536743e-06,1.3835907,-1.5484314,289.26245,292.90894,98068.75,512.7715,19.758942,16.112457,980.6875,0.009536743,2.0765266,79.50487,3.6,3.6,3.6,observed
2023-12-24 13:00:00,48.0,29.0,1087.0,,,,3.5,,False,False,False,False,False,6.580353e-05,2.3326263,-1.0176697,288.6277,294.22314,97947.69,870.23486,21.07315,15.477692,979.47687,0.06580353,2.5449553,70.39524,3.5,3.5,3.5,observed
2023-12-24 14:00:00,48.0,29.0,1087.0,,,,3.4,,False,False,False,False,False,1.9073486e-05,3.231903,-0.4086609,287.59473,295.13232,97823.56,1007.44434,21.98233,14.444733,978.2356,0.019073486,3.2576373,62.303192,3.4,3.4,3.4,observed
2023-12-24 15:00:00,48.0,29.0,1087.0,,,,3.5,,False,False,False,False,False,1.9073486e-06,4.1319733,-0.45014954,286.1897,295.9558,97812.875,1350.5593,22.805817,13.039703,978.1287,0.0019073486,4.156421,54.090996,3.5,3.5,3.5,observed
2023-12-24 16:00:00,48.0,29.0,1087.0,,,,2.2,,False,False,False,False,False,0.0,4.4516907,-1.2724152,283.0996,294.38867,97831.625,1902.6624,21.238678,9.9496155,978.3162,0.0,4.6299667,48.516365,2.2,2.2,2.2,observed
2023-12-24 17:00:00,48.0,29.0,1087.0,,,,1.3,,False,False,False,False,False,0.0,3.1786041,-1.1926575,281.5415,293.6819,97901.31,598.9595,20.53189,8.39151,979.0131,0.0,3.39499,45.62428,1.3,1.3,1.3,observed
2023-12-24 18:00:00,48.0,29.0,1087.0,,,,3.1,,False,False,False,False,False,0.0,2.6964111,-1.4676666,280.5415,291.81738,97983.875,171.3115,18.667389,7.39151,979.83875,0.0,3.069964,47.855972,3.1,3.1,3.1,observed
2023-12-24 19:00:00,48.0,29.0,1087.0,,,,5.2,,False,False,False,False,False,0.0,2.3746338,-1.7399902,280.6836,290.26465,98066.06,111.55502,17.114655,7.5336,980.66064,0.0,2.9438837,53.281372,5.2,5.2,5.2,observed
2023-12-24 20:00:00,48.0,29.0,1087.0,,,,2.6,,False,False,False,False,False,0.0,2.2419128,-1.8560486,280.42944,288.09717,98154.19,94.554794,14.947174,7.2794495,981.5419,0.0,2.9105136,60.13338,2.6,2.6,2.6,observed
2023-12-24 21:00:00,48.0,29.0,1087.0,,,,2.8,,False,False,False,False,False,0.0,2.2388916,-2.2554016,280.1599,287.66187,98193.0,118.22769,14.511871,7.009918,981.93,0.0,3.1779666,60.714508,2.8,2.8,2.8,observed
2023-12-24 22:00:00,48.0,29.0,1087.0,,,,3.0,,False,False,False,False,False,0.0,1.9399567,-3.1564636,279.65576,287.07007,98286.125,245.38672,13.920074,6.505768,982.86127,0.0,3.7049553,60.93928,3.0,3.0,3.0,observed
2023-12-24 23:00:00,48.0,29.0,1087.0,,,,2.3,,False,False,False,False,False,0.0,1.2987823,-4.2091064,278.96338,286.1045,98356.375,438.2832,12.954498,5.813385,983.5637,0.0,4.4049306,61.867577,2.3,2.3,2.3,observed
2023-12-25 00:00:00,48.0,29.0,1087.0,,,,2.3,,False,False,False,False,False,0.0,0.67536926,-4.7141724,279.45996,285.98657,98420.25,496.65918,12.836578,6.309967,984.2025,0.0,4.7623043,64.52082,2.3,2.3,2.3,observed
2023-12-25 01:00:00,48.0,29.0,1087.0,,,,2.3,,False,False,False,False,False,0.0,0.5910492,-4.8709564,280.06445,285.59644,98442.125,525.7959,12.446442,6.914459,984.42126,0.0,4.906685,68.99938,2.3,2.3,2.3,observed
2023-12-25 02:00:00,48.0,29.0,1087.0,,,,2.4,,False,False,False,False,False,0.0,0.6319275,-5.362747,278.2766,283.58032,98486.75,534.33105,10.430328,5.1266174,984.8675,0.0,5.399851,69.68578,2.4,2.4,2.4,observed
2023-12-25 03:00:00,48.0,29.0,1087.0,,,,2.7,,False,False,False,False,False,0.0,0.6138153,-5.786957,277.2942,282.80103,98509.625,508.5061,9.6510315,4.1441956,985.09625,0.0,5.819419,68.5465,2.7,2.7,2.7,observed
2023-12-25 04:00:00,48.0,29.0,1087.0,,,,2.7,,False,False,False,False,False,0.0,0.3584442,-5.7632446,275.25513,280.7964,98529.56,452.5022,7.646393,2.105133,985.29565,0.0,5.7743807,67.96049,2.7,2.7,2.7,observed
2023-12-25 05:00:00,48.0,29.0,1087.0,,,,2.6,,False,False,False,False,False,0.0,0.37467957,-5.6279297,274.90747,280.55322,98563.875,432.25195,7.4032288,1.7574768,985.63873,0.0,5.640388,67.40381,2.6,2.6,2.6,observed
2023-12-25 06:00:00,48.0,29.0,1087.0,,,,2.8,,False,False,False,False,False,0.0,0.13215637,-5.4688263,274.6338,280.30396,98610.0,426.77197,7.153961,1.4837952,986.1,0.0,5.4704227,67.23253,2.8,2.8,2.8,observed
2023-12-25 07:00:00,48.0,29.0,1087.0,,,,2.9,,False,False,False,False,False,0.0,0.041534424,-5.2441864,274.29443,280.19922,98690.25,433.312,7.049225,1.1444397,986.9025,0.0,5.244351,66.08764,2.9,2.9,2.9,observed
2023-12-25 08:00:00,48.0,29.0,1087.0,,,,2.9,,False,False,False,False,False,0.0,0.15776062,-5.043701,273.53223,280.20142,98802.625,443.97266,7.051422,0.38223267,988.02625,0.0,5.046168,62.545998,2.9,2.9,2.9,observed
2023-12-25 09:00:00,48.0,29.0,1087.0,,,,2.8,,False,False,False,False,False,0.0,0.38206482,-5.3885193,273.8877,280.8374,98898.75,459.34326,7.6874084,0.7377014,988.9875,0.0,5.402047,61.44335,2.8,2.8,2.8,observed
2023-12-25 10:00:00,48.0,29.0,1087.0,,,,2.5,,False,False,False,False,False,0.0,0.6256714,-4.882782,274.1975,281.9934,98978.06,497.01514,8.843414,1.0475159,989.78064,0.0,4.922705,58.09096,2.5,2.5,2.5,observed
2023-12-25 11:00:00,48.0,29.0,1087.0,,,,2.0,,False,False,False,False,False,0.0,0.8668823,-4.2184753,274.38086,284.32324,98994.31,563.22925,11.173248,1.2308655,989.9431,0.0,4.306625,50.36633,2.0,2.0,2.0,observed
2023-12-25 12:00:00,48.0,29.0,1087.0,,,,1.5,,False,False,False,False,False,0.0,0.88964844,-3.683258,274.48267,285.2046,98939.125,654.7261,12.054596,1.3326721,989.39124,0.0,3.7891772,47.866257,1.5,1.5,1.5,observed
2023-12-25 13:00:00,48.0,29.0,1087.0,,,,1.5,,False,False,False,False,False,0.0,0.97880554,-3.281433,274.72803,286.04224,98823.56,745.7241,12.892242,1.5780334,988.2356,0.0,3.4243047,46.110172,1.5,1.5,1.5,observed
2023-12-25 14:00:00,48.0,29.0,1087.0,,,,1.5,,False,False,False,False,False,0.0,0.9346466,-3.0473785,275.19824,287.458,98752.875,826.7776,14.308014,2.0482483,987.52875,0.0,3.187488,43.49092,1.5,1.5,1.5,observed
2023-12-25 15:00:00,48.0,29.0,1087.0,,,,1.3,,False,False,False,False,False,0.0,0.7357178,-2.727417,275.3413,287.49487,98720.81,888.5691,14.344879,2.1913147,987.2081,0.0,2.8249042,43.832024,1.3,1.3,1.3,observed
2023-12-25 16:00:00,48.0,29.0,1087.0,,,,1.4,,False,False,False,False,False,0.0,0.3646698,-2.0431213,275.51416,286.50903,98690.375,859.60474,13.359039,2.3641663,986.90375,0.0,2.0754106,47.307,1.4,1.4,1.4,observed
2023-12-25 17:00:00,48.0,29.0,1087.0,,,,1.6,,False,False,False,False,False,0.0,-0.107040405,-1.5208435,275.79004,285.85327,98717.81,744.5105,12.703278,2.6400452,987.1781,0.0,1.5246058,50.354965,1.6,1.6,1.6,observed
2023-12-25 18:00:00,48.0,29.0,1087.0,,,,4.8,,False,False,False,False,False,0.0,-0.9208069,-1.6864777,275.99683,284.34546,98784.06,115.58682,11.195465,2.8468323,987.84064,0.0,1.9214817,56.43547,4.8,4.8,4.8,observed
2023-12-25 19:00:00,48.0,29.0,1087.0,,,,3.4,,False,False,False,False,False,0.0,-1.0783081,-1.2959137,275.75024,283.9192,98796.31,100.649216,10.769196,2.6002502,987.96313,0.0,1.6858649,57.048843,3.4,3.4,3.4,observed
2023-12-25 20:00:00,48.0,29.0,1087.0,,,,5.0,,False,False,False,False,False,0.0,-0.70780945,-1.6304321,275.5786,282.4651,98857.625,107.37752,9.315094,2.4286194,988.57623,0.0,1.7774429,62.113495,5.0,5.0,5.0,observed
2023-12-25 21:00:00,48.0,29.0,1087.0,,,,5.0,,False,False,False,False,False,0.0,-0.6481476,-1.8298187,275.15405,281.77612,98897.625,119.479675,8.626129,2.0040588,988.97626,0.0,1.9412191,63.13011,5.0,5.0,5.0,observed
2023-12-25 22:00:00,48.0,29.0,1087.0,,,,4.1,,False,False,False,False,False,0.0,-0.69873047,-1.7416992,274.9668,281.54175,98951.875,123.69873,8.391754,1.816803,989.51874,0.0,1.8766301,63.287987,4.1,4.1,4.1,observed
2023-12-25 23:00:00,48.0,29.0,1087.0,,,,3.9,,False,False,False,False,False,0.0,-0.89082336,-1.6016235,274.61377,280.61548,98944.125,118.38884,7.4654846,1.4637756,989.4412,0.0,1.8326931,65.721855,3.9,3.9,3.9,observed
2023-12-26 00:00:00,48.0,29.0,1087.0,,,,3.5,,False,False,False,False,False,0.0,-0.87176514,-1.4999237,274.1565,280.22437,98917.25,100.08118,7.0743713,1.0065002,989.1725,0.0,1.7348619,65.323006,3.5,3.5,3.5,observed
2023-12-26 01:00:00,48.0,29.0,1087.0,,,,2.9,,False,False,False,False,False,0.0,-0.7772217,-1.5014038,274.26978,279.8943,98882.25,92.76079,6.744293,1.1197815,988.8225,0.0,1.6906469,67.36461,2.9,2.9,2.9,observed
2023-12-26 02:00:00,48.0,29.0,1087.0,,,,2.9,,False,False,False,False,False,0.0,-0.9563141,-1.5518951,274.06445,278.38037,98837.875,75.6599,5.230377,0.9144592,988.3787,0.0,1.8228866,73.6944,2.9,2.9,2.9,observed
2023-12-26 03:00:00,48.0,29.0,1087.0,,,,2.7,,False,False,False,False,False,0.0,-1.3637085,-1.3460999,273.9043,277.59888,98794.375,72.05885,4.448883,0.754303,987.9437,0.0,1.9161643,76.928276,2.7,2.7,2.7,observed
2023-12-26 04:00:00,48.0,29.0,1087.0,,,,2.5,,False,False,False,False,False,0.0,-1.185318,-1.1105957,273.7622,276.6101,98764.81,91.35716,3.4601135,0.61221313,987.64813,0.0,1.6243157,81.61835,2.5,2.5,2.5,observed
2023-12-26 05:00:00,48.0,29.0,1087.0,,,,2.4,,False,False,False,False,False,0.0,-1.0882721,-1.1777344,273.95752,276.48267,98737.31,75.002426,3.332672,0.80752563,987.3731,0.0,1.6035568,83.52321,2.4,2.4,2.4,observed
2023-12-26 06:00:00,48.0,29.0,1087.0,,,,2.3,,False,False,False,False,False,0.0,-1.2969818,-0.93281555,274.16113,276.60938,98711.56,75.192764,3.459381,1.0111389,987.1156,0.0,1.597594,84.00222,2.3,2.3,2.3,observed
2023-12-26 07:00:00,48.0,29.0,1087.0,,,,2.5,,False,False,False,False,False,0.0,-1.7680664,0.23176575,274.0327,276.34985,98746.06,81.81955,3.1998596,0.88272095,987.46063,0.0,1.7831922,84.76795,2.5,2.5,2.5,observed
2023-12-26 08:00:00,48.0,29.0,1087.0,,,,2.7,,False,False,False,False,False,0.0,-1.4483032,0.5779724,274.56128,276.88965,98761.94,113.13068,3.7396545,1.4112854,987.6194,0.0,1.5593699,84.761215,2.7,2.7,2.7,observed
2023-12-26 09:00:00,48.0,29.0,1087.0,,,,3.2,,False,False,False,False,False,0.0,-1.3460083,0.9927826,275.18506,278.91724,98787.56,232.10696,5.7672424,2.0350647,987.8756,0.0,1.6725297,76.936905,3.2,3.2,3.2,observed
2023-12-26 10:00:00,48.0,29.0,1087.0,,,,2.3,,False,False,False,False,False,0.0,-1.1517334,1.6358643,274.45752,281.14038,98806.75,347.6631,7.990387,1.3075256,988.0675,0.0,2.0006354,62.70701,2.3,2.3,2.3,observed
2023-12-26 11:00:00,48.0,29.0,1087.0,,,,2.7,,False,False,False,False,False,0.0,-0.52142334,2.440033,274.91846,284.04858,98775.375,504.63232,10.89859,1.7684631,987.7537,0.0,2.4951239,53.30645,2.7,2.7,2.7,observed
2023-12-26 12:00:00,48.0,29.0,1087.0,,,,2.8,,False,False,False,False,False,0.0,0.34898376,3.1471252,275.02734,285.2683,98686.75,677.60645,12.118317,1.8773499,986.8675,0.0,3.1664155,49.5608,2.8,2.8,2.8,observed
2023-12-26 13:00:00,48.0,29.0,1087.0,,,,2.7,,False,False,False,False,False,0.0,1.1871796,3.4296722,275.1516,286.1411,98512.875,816.6477,12.991119,2.0016174,985.1287,0.0,3.6293314,47.221073,2.7,2.7,2.7,observed
2023-12-26 14:00:00,48.0,29.0,1087.0,,,,2.7,,False,False,False,False,False,0.0,1.7210083,3.2938538,275.87744,287.77368,98426.875,892.92285,14.623688,2.7274475,984.26874,0.0,3.7163615,44.721794,2.7,2.7,2.7,observed
2023-12-26 15:00:00,48.0,29.0,1087.0,,,,2.9,,False,False,False,False,False,0.0,1.9710999,3.1477966,276.36768,288.22192,98367.0,932.7031,15.07193,3.217682,983.67,0.0,3.7140083,44.98313,2.9,2.9,2.9,observed
2023-12-26 16:00:00,48.0,29.0,1087.0,,,,3.0,,False,False,False,False,False,0.0,2.2591858,2.316391,277.65112,287.71118,98353.75,913.9907,14.561188,4.501129,983.5375,0.0,3.2356741,50.87541,3.0,3.0,3.0,observed
2023-12-26 17:00:00,48.0,29.0,1087.0,,,,3.6,,False,False,False,False,False,0.0,1.4199371,1.6272125,278.13184,286.99023,98360.44,694.8999,13.8402405,4.981842,983.6044,0.0,2.1596394,55.124176,3.6,3.6,3.6,observed
2023-12-26 18:00:00,48.0,29.0,1087.0,,,,4.8,,False,False,False,False,False,0.0,1.0894318,1.9550018,278.5708,284.927,98370.94,92.20589,11.777008,5.420807,983.70935,0.0,2.238056,65.04771,4.8,4.8,4.8,observed
2023-12-26 19:00:00,48.0,29.0,1087.0,,,,6.3,,False,False,False,False,False,0.0,0.7263336,2.1365051,278.4702,283.6604,98427.75,50.730545,10.5104065,5.320221,984.2775,0.0,2.2565937,70.25379,6.3,6.3,6.3,observed
2023-12-26 20:00:00,48.0,29.0,1087.0,,,,10.2,,False,False,False,False,False,0.0,0.74809265,2.1556702,278.0276,281.5708,98493.56,49.51584,8.420807,4.877594,984.9356,0.0,2.281788,78.39113,10.2,10.2,10.2,observed
2023-12-26 21:00:00,48.0,29.0,1087.0,,,,11.3,,False,False,False,False,False,0.0,1.1971741,2.0557098,277.79175,281.0332,98550.625,52.569214,7.883209,4.641754,985.5062,0.0,2.3789008,79.9783,11.3,11.3,11.3,observed
2023-12-26 22:00:00,48.0,29.0,1087.0,,,,11.8,,False,False,False,False,False,0.0,2.035965,1.1935883,277.4619,280.8313,98582.81,50.757996,7.681305,4.31192,985.8281,0.0,2.3600438,79.23681,11.8,11.8,11.8,observed
2023-12-26 23:00:00,48.0,29.0,1087.0,,,,6.0,,False,False,False,False,False,0.0,2.2658234,0.34681702,276.87402,279.55835,98647.69,48.115738,6.4083557,3.7240295,986.47687,0.0,2.2922125,82.96086,6.0,6.0,6.0,observed
2023-12-27 00:00:00,48.0,29.0,1087.0,,,,6.5,,False,False,False,False,False,0.0,2.2236176,-0.18223572,276.8728,279.46484,98654.375,51.727783,6.31485,3.7228088,986.54376,0.0,2.2310727,83.48965,6.5,6.5,6.5,observed
2023-12-27 01:00:00,48.0,29.0,1087.0,,,,4.3,,False,False,False,False,False,0.0,2.1775513,-0.7036896,277.07275,279.48584,98638.31,55.549667,6.335846,3.92276,986.3831,0.0,2.2884293,84.548965,4.3,4.3,4.3,observed
2023-12-27 02:00:00,48.0,29.0,1087.0,,,,4.9,,False,False,False,False,False,0.0,2.0157013,-1.3489838,276.74414,278.88794,98607.19,60.430862,5.7379456,3.5941467,986.0719,0.0,2.42545,86.099464,4.9,4.9,4.9,observed
2023-12-27 03:00:00,48.0,29.0,1087.0,,,,4.5,,False,False,False,False,False,0.0,1.5949707,-1.95224,277.18774,279.00903,98631.0,66.652054,5.8590393,4.0377502,986.31,0.0,2.5209467,88.085594,4.5,4.5,4.5,observed
2023-12-27 04:00:00,48.0,29.0,1087.0,,,,4.5,,False,False,False,False,False,0.0,0.84381104,-2.1548767,276.15942,277.18848,98631.25,56.31613,4.0384827,3.00943,986.3125,0.0,2.3141975,93.005806,4.5,4.5,4.5,observed
2023-12-27 05:00:00,48.0,29.0,1087.0,,,,4.4,,False,False,False,False,False,0.0,0.7821655,-2.1655884,276.09937,276.98633,98633.25,53.53456,3.8363342,2.9493713,986.3325,0.0,2.3025107,93.935394,4.4,4.4,4.4,observed
2023-12-27 06:00:00,48.0,29.0,1087.0,,,,4.3,,False,False,False,False,False,0.0,1.0387115,-1.7008209,275.82788,276.43652,98671.625,47.108154,3.2865295,2.677887,986.71625,0.0,1.9929159,95.78399,4.3,4.3,4.3,observed
2023-12-27 07:00:00,48.0,29.0,1087.0,,,,4.4,,False,False,False,False,False,0.0,1.2552338,-1.2684479,275.50708,276.09424,98719.56,38.892883,2.9442444,2.3570862,987.1956,0.0,1.7845368,95.91898,4.4,4.4,4.4,observed
2023-12-27 08:00:00,48.0,29.0,1087.0,,,,4.2,,False,False,False,False,False,0.0,1.7159271,-1.3874817,275.9756,277.17188,98767.31,38.282608,4.021881,2.825592,987.6731,0.0,2.206697,91.90998,4.2,4.2,4.2,observed
2023-12-27 09:00:00,48.0,29.0,1087.0,,,,3.9,,False,False,False,False,False,0.0,1.6347504,-1.3251648,276.4922,280.03174,98812.81,57.502197,6.8817444,3.3421936,988.1281,0.0,2.1043932,78.1742,3.9,3.9,3.9,observed
2023-12-27 10:00:00,48.0,29.0,1087.0,,,,3.6,,False,False,False,False,False,0.0,1.3666687,-0.993515,277.6394,284.45752,98884.94,182.94371,11.307526,4.4894104,988.84937,0.0,1.6896318,62.883144,3.6,3.6,3.6,observed
2023-12-27 11:00:00,48.0,29.0,1087.0,,,,3.4,,False,False,False,False,False,0.0,1.7373505,-0.91763306,277.83862,289.53857,98821.75,434.20166,16.38858,4.688629,988.2175,0.0,1.9647994,45.848648,3.4,3.4,3.4,observed
2023-12-27 12:00:00,48.0,29.0,1087.0,,,,3.4,,False,False,False,False,False,0.0,1.6513214,-1.1522217,278.08276,290.64258,98763.0,781.18506,17.492584,4.93277,987.63,0.0,2.0135732,43.484394,3.4,3.4,3.4,observed
2023-12-27 13:00:00,48.0,29.0,1087.0,,,,3.1,,False,False,False,False,False,0.0,1.4425201,-1.2415314,276.87964,291.48438,98625.75,1214.9382,18.334381,3.7296448,986.2575,0.0,1.9032248,37.910496,3.1,3.1,3.1,observed
2023-12-27 14:00:00,48.0,29.0,1087.0,,,,2.4,,False,False,False,False,False,0.0,1.4902496,-1.2775879,275.8152,292.54175,98544.625,1519.5559,19.391754,2.6651917,985.4462,0.0,1.9629251,32.917164,2.4,2.4,2.4,observed
2023-12-27 15:00:00,48.0,29.0,1087.0,,,,2.5,,False,False,False,False,False,0.0,1.6781311,-1.2838745,275.32812,293.0288,98487.94,1714.7937,19.878815,2.178131,984.8794,0.0,2.1129262,30.849749,2.5,2.5,2.5,observed
2023-12-27 16:00:00,48.0,29.0,1087.0,,,,3.1,,False,False,False,False,False,0.0,1.8421631,-1.2707214,274.81885,291.82202,98506.375,1831.0342,18.672028,1.6688538,985.0637,0.0,2.2379227,32.06934,3.1,3.1,3.1,observed
2023-12-27 17:00:00,48.0,29.0,1087.0,,,,3.9,,False,False,False,False,False,0.0,1.0744629,-1.3901062,278.89868,290.91016,98519.94,111.26616,17.760162,5.7486877,985.1994,0.0,1.7569479,45.249233,3.9,3.9,3.9,observed
2023-12-27 18:00:00,48.0,29.0,1087.0,,,,4.9,,False,False,False,False,False,0.0,0.53108215,-2.0114899,275.59644,289.07886,98576.69,55.047012,15.928864,2.4464417,985.76685,0.0,2.080418,40.314976,4.9,4.9,4.9,observed
2023-12-27 19:00:00,48.0,29.0,1087.0,,,,3.3,,False,False,False,False,False,0.0,0.1802063,-2.994873,275.3086,286.56836,98682.875,138.59897,13.4183655,2.1585999,986.82874,0.0,3.00029,46.439934,3.3,3.3,3.3,observed
2023-12-27 20:00:00,48.0,29.0,1087.0,,,,3.0,,False,False,False,False,False,0.0,0.029678345,-4.3086243,273.8125,284.2329,98783.69,336.29224,11.082916,0.6625061,987.83685,0.0,4.308727,48.638474,3.0,3.0,3.0,observed
2023-12-27 21:00:00,48.0,29.0,1087.0,,,,3.2,,False,False,False,False,False,0.0,-0.039138794,-4.429901,273.19922,283.26196,98845.56,446.64478,10.111969,0.049224854,988.4556,0.0,4.4300737,49.63626,3.2,3.2,3.2,observed
2023-12-27 22:00:00,48.0,29.0,1087.0,,,,2.6,,False,False,False,False,False,0.0,-0.14111328,-3.7668,273.6172,282.8933,98889.06,382.4568,9.743317,0.4671936,988.8906,0.0,3.769442,52.438713,2.6,2.6,2.6,observed
2023-12-27 23:00:00,48.0,29.0,1087.0,,,,2.4,,False,False,False,False,False,0.0,-0.26823425,-3.217453,273.8684,281.37427,98922.0,290.66772,8.224274,0.7184143,989.22,0.0,3.2286148,59.15857,2.4,2.4,2.4,observed
2023-12-28 00:00:00,48.0,29.0,1087.0,,,,3.3,,False,False,False,False,False,0.0,-0.20233154,-2.5712128,273.7871,280.82617,98956.5,199.51303,7.676178,0.6371155,989.565,0.0,2.5791612,61.045998,3.3,3.3,3.3,observed
2023-12-28 01:00:00,48.0,29.0,1087.0,,,,4.0,,False,False,False,False,False,0.0,-0.1603241,-1.888443,274.01123,280.24097,98940.625,116.63896,7.090973,0.8612366,989.40625,0.0,1.8952364,64.57025,4.0,4.0,4.0,observed
2023-12-28 02:00:00,48.0,29.0,1087.0,,,,2.5,,False,False,False,False,False,0.0,-0.08100891,-2.3545685,274.25146,278.2566,98937.44,66.16806,5.106598,1.101471,989.3744,0.0,2.3559616,75.33789,2.5,2.5,2.5,observed
2023-12-28 03:00:00,48.0,29.0,1087.0,,,,2.7,,False,False,False,False,False,0.0,0.95158386,-1.662323,273.86597,277.27026,98978.69,35.12143,4.12027,0.7159729,989.78687,0.0,1.915419,78.50191,2.7,2.7,2.7,observed
2023-12-28 04:00:00,48.0,29.0,1087.0,,,,2.8,,False,False,False,False,False,0.0,0.2172699,-2.0058594,273.67285,275.91064,99000.875,35.972046,2.7606506,0.52285767,990.0087,0.0,2.0175922,85.20455,2.8,2.8,2.8,observed
2023-12-28 05:00:00,48.0,29.0,1087.0,,,,3.0,,False,False,False,False,False,0.0,0.27345276,-1.8028107,273.7527,276.00928,98999.31,37.983627,2.8592834,0.60269165,989.9931,0.0,1.8234316,85.100044,3.0,3.0,3.0,observed
2023-12-28 06:00:00,48.0,29.0,1087.0,,,,2.5,,False,False,False,False,False,0.0,0.108184814,-1.796341,273.56177,275.95898,99000.81,39.434265,2.8089905,0.41177368,990.0081,0.0,1.7995957,84.23442,2.5,2.5,2.5,observed
2023-12-28 07:00:00,48.0,29.0,1087.0,,,,2.8,,False,False,False,False,False,0.0,0.19668579,-1.9072266,273.4226,275.87744,99052.5,33.70584,2.7274475,0.27261353,990.525,0.0,1.9173415,83.87445,2.8,2.8,2.8,observed
2023-12-28 08:00:00,48.0,29.0,1087.0,,,,3.2,,False,False,False,False,False,0.0,0.3031006,-0.8803253,274.22632,277.375,99065.06,24.097626,4.225006,1.0763245,990.65063,0.0,0.93104386,79.97566,3.2,3.2,3.2,observed
2023-12-28 09:00:00,48.0,29.0,1087.0,,,,2.6,,False,False,False,False,False,0.0,0.18435669,-1.001236,275.3108,279.80273,99123.625,80.92999,6.6527405,2.160797,991.23627,0.0,1.0180672,73.03163,2.6,2.6,2.6,observed
2023-12-28 10:00:00,48.0,29.0,1087.0,,,,2.0,,False,False,False,False,False,0.0,-0.020965576,-0.5573883,276.22974,283.2771,99171.44,327.0974,10.127106,3.0797424,991.71436,0.0,0.5577825,61.601467,2.0,2.0,2.0,observed
2023-12-28 11:00:00,48.0,29.0,1087.0,,,,2.0,,False,False,False,False,False,0.0,0.6036835,-0.05557251,275.55615,286.37695,99151.75,570.5066,13.226959,2.4061584,991.5175,0.0,0.606236,47.858803,2.0,2.0,2.0,observed
2023-12-28 12:00:00,48.0,29.0,1087.0,,,,2.0,,False,False,False,False,False,0.0,1.4360657,0.39395142,276.13843,287.43774,99068.875,812.8386,14.28775,2.9884338,990.6887,0.0,1.4891213,46.555878,2.0,2.0,2.0,observed
2023-12-28 13:00:00,48.0,29.0,1087.0,,,,2.5,,False,False,False,False,False,0.0,2.1199036,0.36283875,276.47217,288.1018,98952.06,1079.0117,14.951813,3.322174,989.5206,0.0,2.1507308,45.667736,2.5,2.5,2.5,observed
2023-12-28 14:00:00,48.0,29.0,1087.0,,,,2.5,,False,False,False,False,False,0.0,2.3620453,0.19744873,276.75415,289.83398,98872.44,1290.9382,16.68399,3.6041565,988.72437,0.0,2.3702836,41.701473,2.5,2.5,2.5,observed
2023-12-28 15:00:00,48.0,29.0,1087.0,,,,2.2,,False,False,False,False,False,0.0,2.2967377,0.07684326,277.0315,290.29614,98818.19,1407.3691,17.146149,3.8815002,988.1819,0.0,2.2980227,41.295277,2.2,2.2,2.2,observed
2023-12-28 16:00:00,48.0,29.0,1087.0,,,,2.1,,False,False,False,False,False,0.0,1.530899,-0.060424805,277.1394,289.2837,98794.69,1240.1174,16.133698,3.9894104,987.9469,0.0,1.5320911,44.37341,2.1,2.1,2.1,observed
2023-12-28 17:00:00,48.0,29.0,1087.0,,,,2.2,,False,False,False,False,False,0.0,0.5984802,0.90275574,279.0935,288.53418,98801.31,112.988815,15.384186,5.943512,988.0131,0.0,1.0831189,53.339066,2.2,2.2,2.2,observed
2023-12-28 18:00:00,48.0,29.0,1087.0,,,,2.9,,False,False,False,False,False,0.0,0.82662964,1.354248,277.74756,286.4795,98843.56,46.40219,13.329498,4.5975647,988.4356,0.0,1.5866015,55.47923,2.9,2.9,2.9,observed
2023-12-28 19:00:00,48.0,29.0,1087.0,,,,6.9,,False,False,False,False,False,0.0,1.1334534,0.2940216,277.65625,284.96924,98955.06,39.77443,11.819244,4.506256,989.5506,0.0,1.1709676,60.86393,6.9,6.9,6.9,observed
2023-12-28 20:00:00,48.0,29.0,1087.0,,,,4.3,,False,False,False,False,False,0.0,0.80711365,-1.3813477,277.57837,282.4607,99018.375,42.52318,9.310699,4.4283752,990.1838,0.0,1.5998605,71.54128,4.3,4.3,4.3,observed
2023-12-28 21:00:00,48.0,29.0,1087.0,,,,2.9,,False,False,False,False,False,0.0,-0.30723572,-2.530182,277.17773,282.49536,99080.0,106.420456,9.345367,4.0277405,990.8,0.0,2.548767,69.39914,2.9,2.9,2.9,observed
2023-12-28 22:00:00,48.0,29.0,1087.0,,,,3.8,,False,False,False,False,False,0.0,-1.0825195,-2.8434753,276.31665,282.29443,99183.06,184.2017,9.14444,3.1666565,991.8306,0.0,3.0425646,66.20529,3.8,3.8,3.8,observed
2023-12-28 23:00:00,48.0,29.0,1087.0,,,,3.3,,False,False,False,False,False,0.0,-1.4194183,-2.3258972,275.23145,280.6875,99220.06,190.74004,7.537506,2.0814514,992.2006,0.0,2.724802,68.35151,3.3,3.3,3.3,observed
2023-12-29 00:00:00,48.0,29.0,1087.0,,,,3.7,,False,False,False,False,False,0.0,-1.1822815,-1.7622375,274.636,280.18555,99276.5,150.26642,7.035553,1.4859924,992.765,0.0,2.122091,67.79045,3.7,3.7,3.7,observed
2023-12-29 01:00:00,48.0,29.0,1087.0,,,,3.5,,False,False,False,False,False,0.0,-0.8529968,-2.0871277,274.64062,280.33325,99295.94,148.58148,7.183258,1.4906311,992.95935,0.0,2.2547073,67.13075,3.5,3.5,3.5,observed
2023-12-29 02:00:00,48.0,29.0,1087.0,,,,3.5,,False,False,False,False,False,0.0,-0.57962036,-2.6163025,274.35547,279.86108,99331.94,191.14655,6.71109,1.2054749,993.3194,0.0,2.6797385,67.93525,3.5,3.5,3.5,observed
2023-12-29 03:00:00,48.0,29.0,1087.0,,,,3.3,,False,False,False,False,False,0.0,-0.3718567,-2.7692108,274.2776,279.20557,99341.25,215.12408,6.0555725,1.127594,993.4125,0.0,2.7940662,70.67533,3.3,3.3,3.3,observed
2023-12-29 04:00:00,48.0,29.0,1087.0,,,,3.3,,False,False,False,False,False,0.0,-0.53533936,-2.6132202,273.70532,276.68506,99378.625,225.34366,3.5350647,0.55532837,993.78625,0.0,2.667491,80.85573,3.3,3.3,3.3,observed
2023-12-29 05:00:00,48.0,29.0,1087.0,,,,3.4,,False,False,False,False,False,0.0,-0.41835022,-2.5224304,273.4375,276.42407,99395.19,248.13766,3.2740784,0.2875061,993.9519,0.0,2.5568871,80.77911,3.4,3.4,3.4,observed
2023-12-29 06:00:00,48.0,29.0,1087.0,,,,3.6,,False,False,False,False,False,0.0,-0.17501831,-2.446991,273.04712,276.33154,99433.25,256.2788,3.181549,-0.102874756,994.3325,0.0,2.453242,79.0409,3.6,3.6,3.6,observed
2023-12-29 07:00:00,48.0,29.0,1087.0,,,,3.4,,False,False,False,False,False,0.0,0.2537384,-2.3719177,272.7661,276.31665,99472.0,255.15617,3.1666565,-0.38388062,994.72,0.0,2.385451,77.52486,3.4,3.4,3.4,observed
2023-12-29 08:00:00,48.0,29.0,1087.0,,,,3.1,,False,False,False,False,False,0.0,0.7122345,-2.4620667,272.99243,276.7793,99539.69,264.9878,3.629303,-0.15756226,995.39685,0.0,2.563016,76.28038,3.1,3.1,3.1,observed
2023-12-29 09:00:00,48.0,29.0,1087.0,,,,2.7,,False,False,False,False,False,0.0,1.140976,-2.4258118,273.15527,278.37646,99590.375,325.313,5.226471,0.005279541,995.90375,0.0,2.6807442,69.02812,2.7,2.7,2.7,observed
2023-12-29 10:00:00,48.0,29.0,1087.0,,,,2.0,,False,False,False,False,False,0.0,1.4556885,-1.9668427,272.58496,280.07666,99640.5,401.19263,6.9266663,-0.56503296,996.405,0.0,2.4469366,58.89193,2.0,2.0,2.0,observed
2023-12-29 11:00:00,48.0,29.0,1087.0,,,,1.5,,False,False,False,False,False,0.0,1.7999878,-1.2873993,272.85962,283.8982,99598.25,533.36304,10.748199,-0.29037476,995.9825,0.0,2.2129965,46.416264,1.5,1.5,1.5,observed
2023-12-29 12:00:00,48.0,29.0,1087.0,,,,1.6,,False,False,False,False,False,0.0,2.442627,-0.6294098,273.29565,285.511,99524.69,700.3789,12.360992,0.1456604,995.2469,0.0,2.522416,43.06479,1.6,1.6,1.6,observed
2023-12-29 13:00:00,48.0,29.0,1087.0,,,,1.8,,False,False,False,False,False,0.0,3.254242,-0.3947754,273.04175,286.4292,99362.81,896.5674,13.279205,-0.10824585,993.6281,0.0,3.2780998,39.813786,1.8,1.8,1.8,observed
2023-12-29 14:00:00,48.0,29.0,1087.0,,,,1.6,,False,False,False,False,False,0.0,3.7417603,-0.53852844,272.636,288.95557,99253.25,1087.02,15.8055725,-0.51400757,992.5325,0.0,3.7803152,32.838512,1.6,1.6,1.6,observed
2023-12-29 15:00:00,48.0,29.0,1087.0,,,,1.6,,False,False,False,False,False,0.0,3.901001,-0.6113281,272.07715,289.88843,99182.75,1213.1812,16.738434,-1.0728455,991.8275,0.0,3.9486113,29.707014,1.6,1.6,1.6,observed
2023-12-29 16:00:00,48.0,29.0,1087.0,,,,1.6,,False,False,False,False,False,0.0,2.9201813,-0.4912567,271.5027,289.0105,99130.5,1223.2776,15.860504,-1.6473083,991.305,0.0,2.9612145,30.119377,1.6,1.6,1.6,observed
2023-12-29 17:00:00,48.0,29.0,1087.0,,,,2.1,,False,False,False,False,False,0.0,1.7421417,0.44265747,271.86377,288.53467,99106.19,233.6638,15.384674,-1.2862244,991.0619,0.0,1.7974993,31.885061,2.1,2.1,2.1,observed
2023-12-29 18:00:00,48.0,29.0,1087.0,,,,3.8,,False,False,False,False,False,0.0,2.1481628,0.58047485,271.6089,286.88135,99114.875,79.959305,13.731354,-1.5411072,991.14874,0.0,2.225209,34.819096,3.8,3.8,3.8,observed
2023-12-29 19:00:00,48.0,29.0,1087.0,,,,5.0,,False,False,False,False,False,0.0,2.5499573,0.1725769,271.2268,285.0459,99158.125,80.3044,11.895905,-1.9231873,991.58124,0.0,2.5557904,38.174458,5.0,5.0,5.0,observed
2023-12-29 20:00:00,48.0,29.0,1087.0,,,,5.6,,False,False,False,False,False,0.0,2.7691345,-0.31196594,271.3728,282.02075,99185.81,91.70093,8.870758,-1.7771912,991.85815,0.0,2.7866518,47.214264,5.6,5.6,5.6,observed
2023-12-29 21:00:00,48.0,29.0,1087.0,,,,6.1,,False,False,False,False,False,0.0,2.7282715,-0.6153717,271.48535,281.5166,99198.56,94.2607,8.366608,-1.6646423,991.9856,0.0,2.7968102,49.258102,6.1,6.1,6.1,observed
2023-12-29 22:00:00,48.0,29.0,1087.0,,,,5.3,,False,False,False,False,False,0.0,2.7113342,-0.80337524,271.60742,280.85327,99227.625,94.87239,7.7032776,-1.542572,992.27625,0.0,2.8278518,51.9935,5.3,5.3,5.3,observed
2023-12-29 23:00:00,48.0,29.0,1087.0,,,,4.0,,False,False,False,False,False,0.0,2.7444763,-0.9372711,271.5913,279.25586,99242.06,96.21074,6.1058655,-1.5586853,992.42065,0.0,2.900108,57.943428,4.0,4.0,4.0,observed
2023-12-30 00:00:00,48.0,29.0,1087.0,,,,2.8,,False,False,False,False,False,0.0,2.6504974,-1.146164,271.16064,278.65137,99257.19,95.53879,5.5013733,-1.9893494,992.5719,0.0,2.887703,58.533024,2.8,2.8,2.8,observed
2023-12-30 01:00:00,48.0,29.0,1087.0,,,,2.8,,False,False,False,False,False,0.0,2.589264,-1.3601532,271.2373,278.0869,99229.44,96.5294,4.93692,-1.9126892,992.2944,0.0,2.9247742,61.21984,2.8,2.8,2.8,observed
2023-12-30 02:00:00,48.0,29.0,1087.0,,,,2.3,,False,False,False,False,False,0.0,2.5672913,-1.5295868,270.698,276.6892,99211.75,98.79503,3.539215,-2.4519958,992.1175,0.0,2.9884143,64.8817,2.3,2.3,2.3,observed
2023-12-30 03:00:00,48.0,29.0,1087.0,,,,2.0,,False,False,False,False,False,0.0,2.3947906,-1.7592316,270.1516,277.01978,99227.06,99.285446,3.8697815,-2.9983826,992.2706,0.0,2.9715178,60.87244,2.0,2.0,2.0,observed
2023-12-30 04:00:00,48.0,29.0,1087.0,,,,1.8,,False,False,False,False,False,0.0,1.9193268,-1.8846436,269.03223,275.0415,99209.875,87.45798,1.89151,-4.1177673,992.09875,0.0,2.689925,64.41177,1.8,1.8,1.8,observed
2023-12-30 05:00:00,48.0,29.0,1087.0,,,,2.3,,False,False,False,False,False,0.0,1.6250763,-1.8899384,269.28687,275.24243,99188.06,80.74243,2.0924377,-3.8631287,991.8806,0.0,2.4925368,64.718636,2.3,2.3,2.3,observed
2023-12-30 06:00:00,48.0,29.0,1087.0,,,,2.1,,False,False,False,False,False,0.0,1.4238129,-1.850769,269.26074,275.29346,99203.81,74.37378,2.1434631,-3.8892517,992.03815,0.0,2.335078,64.35768,2.1,2.1,2.1,observed
2023-12-30 07:00:00,48.0,29.0,1087.0,,,,2.3,,False,False,False,False,False,0.0,1.3224335,-1.7271729,269.34326,275.32715,99229.19,65.66466,2.1771545,-3.8067322,992.2919,0.0,2.175306,64.60128,2.3,2.3,2.3,observed
2023-12-30 08:00:00,48.0,29.0,1087.0,,,,3.0,,False,False,False,False,False,0.0,1.4873047,-1.5542755,270.56934,276.58032,99281.125,60.16246,3.4303284,-2.580658,992.8113,0.0,2.1512432,64.76165,3.0,3.0,3.0,observed
2023-12-30 09:00:00,48.0,29.0,1087.0,,,,3.0,,False,False,False,False,False,0.0,1.5106354,-1.0967712,272.62622,278.75635,99319.44,70.32248,5.6063538,-0.5237732,993.1944,0.0,1.8667957,64.69636,3.0,3.0,3.0,observed
2023-12-30 10:00:00,48.0,29.0,1087.0,,,,2.8,,False,False,False,False,False,0.0,1.0410919,-0.041259766,273.79272,282.6709,99335.69,107.62662,9.520905,0.6427307,993.3569,0.0,1.0419092,53.90588,2.8,2.8,2.8,observed
2023-12-30 11:00:00,48.0,29.0,1087.0,,,,3.0,,False,False,False,False,False,0.0,1.0975037,0.99038696,273.87354,288.66724,99303.5,262.7063,15.517242,0.72354126,993.035,0.0,1.4783032,36.588184,3.0,3.0,3.0,observed
2023-12-30 12:00:00,48.0,29.0,1087.0,,,,2.9,,False,False,False,False,False,0.0,1.9711914,1.6037903,273.49072,290.58423,99213.5,481.85913,17.434235,0.34072876,992.135,0.0,2.5412083,31.505325,2.9,2.9,2.9,observed
2023-12-30 13:00:00,48.0,29.0,1087.0,,,,2.7,,False,False,False,False,False,0.0,2.5133667,1.9760132,273.97827,291.56104,99071.625,652.9407,18.411041,0.8282776,990.71625,0.0,3.19713,30.68895,2.7,2.7,2.7,observed
2023-12-30 14:00:00,48.0,29.0,1087.0,,,,2.5,,False,False,False,False,False,0.0,2.6503143,2.2710266,273.30908,293.46973,98958.44,808.06177,20.319733,0.15908813,989.58435,0.0,3.4902332,25.967052,2.5,2.5,2.5,observed
2023-12-30 15:00:00,48.0,29.0,1087.0,,,,2.4,,False,False,False,False,False,0.0,2.6657104,2.4154663,273.3589,293.885,98914.75,892.78687,20.735016,0.20889282,989.1475,0.0,3.5972893,25.401983,2.4,2.4,2.4,observed
2023-12-30 16:00:00,48.0,29.0,1087.0,,,,2.3,,False,False,False,False,False,0.0,1.9773865,2.2634125,273.8999,292.86304,98876.31,1017.91187,19.713043,0.74990845,988.7631,0.0,3.0055106,28.13657,2.3,2.3,2.3,observed
2023-12-30 17:00:00,48.0,29.0,1087.0,,,,2.6,,False,False,False,False,False,0.0,0.98599243,1.6305847,273.6963,291.9275,98900.0,191.87685,18.777496,0.54629517,989.0,0.0,1.9055151,29.38948,2.6,2.6,2.6,observed
2023-12-30 18:00:00,48.0,29.0,1087.0,,,,3.6,,False,False,False,False,False,0.0,1.5661163,2.4101715,275.27173,288.28442,98920.19,76.8949,15.13443,2.1217346,989.2019,0.0,2.874308,41.450928,3.6,3.6,3.6,observed
2023-12-30 19:00:00,48.0,29.0,1087.0,,,,5.4,,False,False,False,False,False,0.0,1.6529694,2.4084473,275.011,286.68848,98950.5,60.494934,13.538483,1.8609924,989.505,0.0,2.921117,45.1103,5.4,5.4,5.4,observed
2023-12-30 20:00:00,48.0,29.0,1087.0,,,,10.5,,False,False,False,False,False,0.0,1.6100616,2.359497,274.65137,283.3203,98949.875,54.060547,10.170319,1.5013733,989.4988,0.0,2.8564882,54.897224,10.5,10.5,10.5,observed
2023-12-30 21:00:00,48.0,29.0,1087.0,,,,13.9,,False,False,False,False,False,0.0,1.4455414,2.42424,274.5161,282.36108,98966.25,53.603043,9.21109,1.3661194,989.6625,0.0,2.8225043,57.98007,13.9,13.9,13.9,observed
2023-12-30 22:00:00,48.0,29.0,1087.0,,,,13.9,,False,False,False,False,False,0.0,1.0759583,2.5391083,274.39014,282.02856,98973.75,58.454895,8.878571,1.2401428,989.7375,0.0,2.7576725,58.760815,13.9,13.9,13.9,observed
2023-12-30 23:00:00,48.0,29.0,1087.0,,,,14.4,,False,False,False,False,False,0.0,0.8818512,2.407608,273.9524,280.78076,98962.69,71.770676,7.630768,0.8023987,989.6269,0.0,2.5640275,61.969246,14.4,14.4,14.4,observed
2023-12-31 00:00:00,48.0,29.0,1087.0,,,,16.3,,False,False,False,False,False,0.0,0.83117676,2.5108643,273.8733,280.23608,98938.81,90.655014,7.08609,0.7232971,989.3881,0.0,2.644862,63.953083,16.3,16.3,16.3,observed
2023-12-31 01:00:00,48.0,29.0,1087.0,,,,16.5,,False,False,False,False,False,0.0,0.9937897,2.4424896,273.58105,280.04663,98908.06,99.61789,6.896637,0.4310608,989.0806,0.0,2.636925,63.436462,16.5,16.5,16.5,observed
2023-12-31 02:00:00,48.0,29.0,1087.0,,,,15.1,,False,False,False,False,False,0.0,1.2745361,2.2900238,273.3872,279.24292,98874.94,92.934296,6.092926,0.23721313,988.7494,0.0,2.6208112,66.109314,15.1,15.1,15.1,observed
2023-12-31 03:00:00,48.0,29.0,1087.0,,,,15.8,,False,False,False,False,False,0.0,1.6529846,2.0933533,273.63892,279.38623,98859.625,78.38858,6.2362366,0.48892212,988.59625,0.0,2.6672993,66.66125,15.8,15.8,15.8,observed
2023-12-31 04:00:00,48.0,29.0,1087.0,,,,19.8,,False,False,False,False,False,0.0,2.2011719,1.5436554,273.1045,277.00757,98833.69,63.456146,3.8575745,-0.04550171,988.33685,0.0,2.6884995,75.67846,19.8,19.8,19.8,observed
2023-12-31 05:00:00,48.0,29.0,1087.0,,,,11.6,,False,False,False,False,False,0.0,2.3618774,0.9985199,273.2527,277.07617,98827.06,54.313004,3.926178,0.10269165,988.2706,0.0,2.5642753,76.12816,11.6,11.6,11.6,observed
2023-12-31 06:00:00,48.0,29.0,1087.0,,,,6.2,,False,False,False,False,False,0.0,2.2934418,1.1287231,273.19775,276.94263,98834.31,52.88266,3.792633,0.04776001,988.34314,0.0,2.5561478,76.5406,6.2,6.2,6.2,observed
2023-12-31 07:00:00,48.0,29.0,1087.0,,,,4.8,,False,False,False,False,False,0.0,2.0076294,1.5997009,273.38647,277.03198,98847.0,53.375565,3.8819885,0.23648071,988.47,0.0,2.5670252,77.108315,4.8,4.8,4.8,observed
2023-12-31 08:00:00,48.0,29.0,1087.0,,,,6.1,,False,False,False,False,False,0.0,1.7856598,1.5407715,274.54785,278.20483,98857.0,52.24179,5.05484,1.3978577,988.57,0.0,2.3585076,77.23547,6.1,6.1,6.1,observed
2023-12-31 09:00:00,48.0,29.0,1087.0,,,,4.8,,False,False,False,False,False,0.0,1.2846527,1.4605865,276.64648,280.90796,98896.5,101.10445,7.757965,3.4964905,988.965,0.0,1.9451596,74.43598,4.8,4.8,4.8,observed
2023-12-31 10:00:00,48.0,29.0,1087.0,,,,4.6,,False,False,False,False,False,0.0,1.0228577,1.6595917,279.29663,284.66406,98932.56,266.99097,11.514069,6.146637,989.3256,0.0,1.9494826,69.59572,4.6,4.6,4.6,observed
2023-12-31 11:00:00,48.0,29.0,1087.0,,,,5.2,,False,False,False,False,False,0.0,0.8868103,2.3127136,283.45093,289.69434,98933.44,408.07056,16.544342,10.300934,989.33435,0.0,2.4769087,66.58623,5.2,5.2,5.2,observed
2023-12-31 12:00:00,48.0,29.0,1087.0,,,,5.4,,False,False,False,False,False,0.0,0.25979614,2.920227,283.83398,291.25854,98845.875,586.55884,18.108551,10.6839905,988.45874,0.0,2.9317605,61.87922,5.4,5.4,5.4,observed
2023-12-31 13:00:00,48.0,29.0,1087.0,,,,5.9,,False,False,False,False,False,0.0,-0.08728027,3.3541412,284.2661,293.1145,98696.69,792.49316,19.964508,11.116119,986.96686,0.0,3.3552766,56.72067,5.9,5.9,5.9,observed
2023-12-31 14:00:00,48.0,29.0,1087.0,,,,5.2,,False,False,False,False,False,0.0,-0.24417114,3.7552032,283.9829,294.64014,98585.69,920.2771,21.490143,10.832916,985.8569,0.0,3.763133,50.67355,5.2,5.2,5.2,observed
2023-12-31 15:00:00,48.0,29.0,1087.0,,,,5.0,,False,False,False,False,False,0.0,-0.14167786,3.7325592,283.84766,295.0525,98527.375,987.81177,21.902496,10.697662,985.27374,0.0,3.7352471,48.969967,5.0,5.0,5.0,observed
2023-12-31 16:00:00,48.0,29.0,1087.0,,,,5.1,,False,False,False,False,False,0.0,-0.0690918,2.5978088,283.55566,294.50098,98479.81,1001.2639,21.350983,10.40567,984.7981,0.0,2.5987275,49.6741,5.1,5.1,5.1,observed
2023-12-31 17:00:00,48.0,29.0,1087.0,,,,5.4,,False,False,False,False,False,0.0,-0.48588562,1.8187103,283.98657,294.08936,98502.25,210.36931,20.939362,10.836578,985.0225,0.0,1.8824962,52.42763,5.4,5.4,5.4,observed
2023-12-31 18:00:00,48.0,29.0,1087.0,,,,7.6,,False,False,False,False,False,0.0,-1.0832214,1.9391327,283.8628,292.0598,98545.56,39.747345,18.90982,10.712799,985.4556,0.0,2.2211719,58.96399,7.6,7.6,7.6,observed
2023-12-31 19:00:00,48.0,29.0,1087.0,,,,16.8,,False,False,False,False,False,0.0,-1.4087372,0.45204163,283.52002,291.64062,98629.75,20.34703,18.490631,10.370026,986.2975,0.0,1.4794871,59.163433,16.8,16.8,16.8,observed
2023-12-31 20:00:00,48.0,29.0,1087.0,,,,31.6,,False,False,False,False,False,0.0,-1.2279205,-0.60824585,282.333,289.54736,98681.81,21.124908,16.39737,9.183014,986.8181,0.0,1.3703109,62.358727,31.6,31.6,31.6,observed
2023-12-31 21:00:00,48.0,29.0,1087.0,,,,29.1,,False,False,False,False,False,0.0,-1.4746857,-0.8900299,282.64746,288.8274,98738.625,27.714462,15.677399,9.497467,987.3862,0.0,1.722455,66.686226,29.1,29.1,29.1,observed
2023-12-31 22:00:00,48.0,29.0,1087.0,,,,27.9,,False,False,False,False,False,0.0,-1.8525391,-0.7720947,282.44287,287.6123,98798.5,31.859467,14.462311,9.292877,987.985,0.0,2.0069957,71.120384,27.9,27.9,27.9,observed
2023-12-31 23:00:00,48.0,29.0,1087.0,,,,45.4,,False,False,False,False,False,0.0,-2.0180054,-0.44918823,282.28882,285.8457,98855.94,33.612106,12.695709,9.138824,988.5594,0.0,2.0673935,78.958115,45.4,45.4,45.4,observed
